epoch,train_time_s,lr_G,train/G_L1,train/G_total,val/mae_norm,val/mae_norm__n,val/mae_norm/brain,val/mae_norm/spine,val/mae_norm/abdomen,val/mae_norm/musculoskeletal,val/mae_norm__macro,val/mae_hu,val/mae_hu__n,val/mae_hu/brain,val/mae_hu/spine,val/mae_hu/abdomen,val/mae_hu/musculoskeletal,val/mae_hu__macro,val/psnr,val/psnr__n,val/psnr/brain,val/psnr/spine,val/psnr/abdomen,val/psnr/musculoskeletal,val/psnr__macro,val/ssim,val/ssim__n,val/ssim/brain,val/ssim/spine,val/ssim/abdomen,val/ssim/musculoskeletal,val/ssim__macro,val/mae_band_soft,val/mae_band_soft__n,val/mae_band_soft/spine,val/mae_band_soft/abdomen,val/mae_band_soft/musculoskeletal,val/mae_band_soft__macro,val/mae_band_bone,val/mae_band_bone__n,val/mae_band_bone/spine,val/mae_band_bone/abdomen,val/mae_band_bone/musculoskeletal,val/mae_band_bone__macro,val/dice_bone,val/dice_bone__n,val/dice_bone/spine,val/dice_bone/abdomen,val/dice_bone/musculoskeletal,val/dice_bone__macro,val/n_samples,val/n_bone_eligible,is_best
0,29.1,0.0002,0.29922730716921037,29.92273064567929,0.10240103681774243,230,0.11264566211423403,0.10470155378182729,0.10436880810463682,0.08573954485888992,0.10186389221489701,32.330255624392755,230,9.011652969138723,52.35077689091364,41.74752324185473,42.86977242944496,36.49493138283801,14.859741999898397,230,13.015722105196712,15.35249062014313,15.38552513622103,16.235939502171426,14.997419340933074,0.3703877702355385,230,0.4162753616840067,0.3086764911810557,0.347316878273132,0.3608528838625976,0.358280403750198,34.28039955043193,159,39.54370625813802,35.68534646135696,31.0762072290693,35.43508664952143,187.95867815204696,153,169.16458638509116,192.78017349243163,183.0552012125651,181.666653696696,0.00026503133509928983,153,0.0,3.203545929864049e-05,0.0006975296839502536,0.00024318838108296472,230,159,True
1,29.4,0.0002,0.23665549059708912,23.665549069359187,0.10093033088614112,230,0.11032546589701948,0.1041355977455775,0.10390069089988445,0.08351754822901317,0.10046982569287365,31.914852888687797,230,8.826037271761559,52.06779887278875,41.56027635995378,41.758774114506586,36.05322165475267,14.935142486248006,230,13.167011353628295,15.41839605398986,15.379248465125595,16.353750812887824,15.079601671407893,0.40182147907174154,230,0.44015373541435726,0.33381153146425885,0.38136857526099427,0.3984834841851677,0.3884543315811945,33.89622028518773,159,39.7865481906467,35.62064594918109,30.05498879296439,35.15406097759739,185.34365430844375,153,162.97428215874567,190.2949206882053,180.81977236712422,178.02965840469173,0.0013937094384649147,153,0.0,0.0001518500816827226,0.003695759939512721,0.0012825366737318144,230,159,True
2,31.0,0.0002,0.22144174731913066,22.14417466663179,0.0986362825917161,230,0.1065816397608166,0.1042031165626314,0.10294149863593122,0.08044142236134835,0.09854191933018189,31.29242570957412,230,8.526531180865328,52.1015582813157,41.176599454372486,40.22071118067418,35.506350024306926,15.060282956966423,230,13.396202970855505,15.450500918674878,15.392293874594023,16.550081012350436,15.19726969411871,0.45354294504808346,230,0.4813561578031997,0.3851091331905789,0.4325125724711317,0.4645790383219719,0.44088922544672055,33.372256764825785,159,40.6595081753201,35.43543034411491,28.73790713718959,34.944281885541535,180.8699698853337,153,153.8467000325521,186.3080323961046,176.31041067617912,172.15504770161192,0.009433670759373795,155,0.0011140963437760042,0.0038007963394984076,0.020417015506946308,0.00844396939674024,230,159,True
3,33.6,0.0002,0.2118830375728153,21.18830376579648,0.09620857583763806,230,0.10214422013558133,0.10558400965399212,0.10211888890951237,0.07725537801161408,0.09677562417767498,30.687513135373592,230,8.171537610846507,52.79200482699606,40.84755556380495,38.62768900580704,35.10969675186364,15.210239281920503,230,13.68495816597516,15.424555922996515,15.407420221902578,16.778651801636936,15.323896528127797,0.5030337644659955,230,0.524348966672387,0.43153690960672164,0.475554421861121,0.5336257384291717,0.4912665091423503,32.96176528930664,159,42.38383992513021,35.33401493316001,27.465512820652553,35.06112255964759,175.58704944685394,153,143.09894476996527,181.87764892578124,170.51740109478985,165.1646649301788,0.03839796547597025,157,0.019754213487936392,0.02437893649649566,0.06515366480294192,0.036428938262457994,230,159,True
4,31.7,0.0002,0.2043863405783971,20.438634041377476,0.09354207559448222,230,0.09742533767097433,0.1067019725839297,0.10150475387877607,0.07313774632556098,0.09469245261481027,29.991175815463066,230,7.794027013677947,53.35098629196485,40.60190155151042,36.56887316278049,34.578947004983426,15.388149039493117,230,14.009883413343829,15.380856036104367,15.42222435377916,17.079567199211148,15.473132750609626,0.542988667410353,230,0.5626019151277946,0.4602500796318054,0.5049479204289457,0.5952732552375112,0.5307682926065143,32.36147689819336,159,43.746587965223526,35.24855122667678,25.685566425323486,34.8935685390746,171.78609715879352,153,134.3711183336046,179.0943315294054,165.84153634530526,159.76899540277176,0.08752348273380801,157,0.07538586296141148,0.07275131080889204,0.1144880384968763,0.08754173742239328,230,159,True
5,45.7,0.0002,0.19681451732204075,20.0763488587879,0.09076405311732189,230,0.09277796493449682,0.10752077069547442,0.10100028386458437,0.06833541226972427,0.09240860794106998,29.225324025296647,230,7.422237194759745,53.760385347737206,40.40011354583375,34.16770613486214,33.93761055579821,15.573719747579977,230,14.33642177152044,15.345784575645776,15.436581303562054,17.409265936603536,15.632013396832951,0.5730308773724929,230,0.5952706106112037,0.47379657957288956,0.5243029191772989,0.6425758004188538,0.5589864774450615,31.640203218040227,159,44.83017349243164,35.156499639470525,23.618031859397888,34.53490166376668,168.66990217819713,153,126.29595099555121,177.54611587524414,160.93853788022642,154.9268682503406,0.13111986003068696,157,0.14352988451719284,0.11544343186742677,0.15559654364531691,0.13818995334331216,230,159,True
6,44.0,0.0002,0.1932476287796384,19.58525160834903,0.08840872948260411,230,0.08864193740235247,0.10836046437422435,0.1004302534968295,0.0647275395957487,0.09054004871728875,28.607204062135324,230,7.091354992188198,54.180232187112175,40.1721013987318,32.36376979787435,33.45186459397663,15.726551174794983,230,14.607456746239968,15.300339726182463,15.464385531342078,17.653965066750185,15.756536767628674,0.5939517465622529,230,0.6186300633658826,0.48049088650279576,0.5370440609911655,0.6764215624758175,0.5781466433339153,31.17637398557843,159,45.94255659315321,35.04714095338862,22.30587865625109,34.4318587342643,164.66479477227904,153,117.33190324571397,175.78812874688043,154.01472006903754,149.0449173538773,0.1697226208456715,157,0.21364704188373354,0.1498920413144734,0.196066695519469,0.18653525957255865,230,159,True
7,44.1,0.0002,0.18856050730461166,19.139141200837635,0.08659058144397062,230,0.08521047179442896,0.10934871931870778,0.09993332624435425,0.062286055247698514,0.08919464315129738,28.16333621934704,230,6.816837743554316,54.67435965935389,39.9733304977417,31.143027623849257,33.15188888112479,15.844333339349092,230,14.808335133021277,15.222806474996137,15.501797091032595,17.832690870959848,15.841407392502465,0.6071379350579303,230,0.6340716980712514,0.4830169412824843,0.5449510695452385,0.6973228837762561,0.5898406481688075,30.97020170223788,159,47.20571857028537,34.9572632363502,21.668354630470276,34.610445479035285,160.50464899399702,153,106.69189368353949,174.2919302198622,146.4946395026313,142.49282113534431,0.20683656745700754,157,0.2855324116018083,0.1839673604184139,0.2317598612114255,0.23375321107721592,230,159,True
8,44.2,0.0002,0.18338654211589267,18.639657729012626,0.08497107646063617,230,0.08229280989879453,0.11109267340766059,0.09927727127487355,0.06015465218972947,0.08820435169276454,27.758677616553463,230,6.583424791903563,55.54633670383029,39.71090850994942,30.077326094864734,32.979499025137,15.945053755254389,230,14.95930386638829,15.07442540126209,15.547950625307486,18.001332175083544,15.895753017010353,0.6154473658489145,230,0.6442104246414883,0.4843199882242415,0.5501683611184993,0.7096294313669205,0.5970820513377874,30.79803091924895,159,48.711758083767364,34.78404264247164,21.228233660970414,34.90801146240314,156.18413785547992,153,98.25023990207248,172.84188537597657,138.07687498022008,136.38966675275637,0.24481444349987017,157,0.3442696084578832,0.21687084917768673,0.274737911232348,0.2786261229559726,230,159,True
9,44.1,0.0002,0.1815703058881419,18.513808227720716,0.08369946473318597,230,0.0799414049834013,0.1139598000380728,0.09871742969497721,0.05839215255608516,0.08775269681813412,27.45061699381989,230,6.395312398672104,56.9799000190364,39.48697187799088,29.19607627804258,33.01456514343549,16.018379705575718,230,15.049065204500161,14.85647017808835,15.591430000295686,18.15073305593417,15.911924609704592,0.6209511579378791,230,0.6509550780477659,0.4851235979133182,0.554002490766505,0.7171180226973125,0.6017997973562254,30.649395354888725,159,50.5967894660102,34.58140334677189,20.843407886368887,35.34053356638366,153.5753975413204,153,95.24446105957031,172.67741995917427,131.46051625852232,133.12746575908898,0.2762709903545798,155,0.37843016700612175,0.23822937313335665,0.32405610506733257,0.31357188173560363,230,159,True
10,44.3,0.0002,0.17720742523670197,18.105072044190905,0.0826789880576341,230,0.07803231650884722,0.11743173251549403,0.09819690665190524,0.05693710648587772,0.08764951554053105,27.20916967741821,230,6.242585320707778,58.71586625774702,39.2787626607621,28.46855324293886,33.17644187053894,16.070024166473857,230,15.098315101156008,14.590813670929716,15.629354770423628,18.279437761584322,15.899480326023419,0.624663020864777,230,0.6559009384101545,0.4837152262528737,0.556583232068001,0.7219869164483887,0.6045465782948545,30.49477230527866,159,52.5205332438151,34.368686858643876,20.452275582722255,35.78049856172708,152.45766294392106,153,97.24991946750217,172.923742251926,127.54882134331598,132.57416102091472,0.29367291302206144,155,0.39153387149175006,0.25189177922331274,0.34854542567498153,0.33065702546334813,230,159,True
11,44.1,0.0002,0.17436127570413407,17.917572475615003,0.08189226558189029,230,0.07656767387205446,0.11966500100162294,0.0977214423424386,0.05600206517348332,0.08748904559739983,27.025134561016507,230,6.125413909764357,59.83250050081147,39.088576936975436,28.001032586741662,33.26188098357323,16.101151860795987,230,15.128002622734222,14.385334576632744,15.658358668758785,18.353982423498696,15.881419572906111,0.6274221674255703,230,0.6596820220141344,0.4828704065746731,0.5586426759019811,0.7252041026949883,0.6065998017964442,30.313361941643482,159,53.628446367051865,34.13911123478666,20.14450134549822,35.97068631577891,152.88654786153558,153,100.73252190483942,173.8903951856825,126.57247331407335,133.73179680153177,0.3014185526442053,155,0.39878546115424895,0.25972556610371533,0.3562232301466995,0.3382447524682213,230,159,True
12,44.0,0.0002,0.17185501271770115,17.741455986386253,0.08121107696029155,230,0.07541466706340581,0.1205469924542639,0.09725932677851078,0.05530011946601527,0.08713027644054894,26.852916551672894,230,6.033173365072465,60.27349622713195,38.903730711404314,27.650059733007634,33.21511500915409,16.125968970877764,230,15.146446320761989,14.254621793357664,15.688714339816958,18.40257911508521,15.873090392255456,0.6295609768318093,230,0.6630285810416853,0.4813409315215217,0.560182309848197,0.7274069626416478,0.6079896962632629,30.085563251807255,159,53.974861992730034,33.878020306851,19.88030161176409,35.91106130378171,154.08046901927275,153,103.61321512858073,175.5339808146159,126.73582500881619,135.2943403173376,0.30553085567700045,155,0.40524033705393475,0.2617021429671339,0.36358374895321,0.34350874299142625,230,159,True
13,44.1,0.0002,0.17008678341905276,17.533782790956042,0.08070306973936765,230,0.07443149602958854,0.12172357158528434,0.0971190177617555,0.05450660728716424,0.08694517316594816,26.732117571584556,230,5.954519682367083,60.861785792642166,38.8476071047022,27.25330364358212,33.22930405582339,16.14458928922451,230,15.155923014889463,14.122662934722662,15.693719329751557,18.47984676884527,15.863038012052238,0.6306114334127177,230,0.6656906755877213,0.4787546528710259,0.5603552352874837,0.7284715665238244,0.6083180325675138,30.000877464342416,159,54.743259006076386,33.798936316307554,19.649110215050833,36.063768512478255,153.9631248922909,153,104.3038567437066,176.3564414130317,124.91747538248698,135.19259117974175,0.3123819345187756,155,0.41490017126003903,0.2630684964520776,0.37931104880516175,0.35242657217242607,230,159,True
14,44.1,0.0002,0.16793962081982977,17.352427478063674,0.08036862969722437,230,0.0734949837845396,0.12188991655906041,0.09744717168839688,0.05374281417711505,0.08664372155227798,26.67290689067348,230,5.879598702763168,60.944958279530205,38.978868675358754,26.871407088557525,33.168708186552415,16.152214976695042,230,15.178032063697318,14.052263827040615,15.661296188249777,18.548874142473316,15.860116555365256,0.6310411256292592,230,0.6678562458132354,0.4746570818954044,0.5595049461785783,0.7295765493597303,0.6078987058117371,29.967585083823533,159,54.84596676296658,33.87719438431111,19.406715273857117,36.04329214037827,154.6427974825591,153,105.40836249457465,178.173597462972,123.63053667986834,135.73749887913831,0.3152737357863976,155,0.4249267222152816,0.26037407511561783,0.3905309932651343,0.3586105968653446,230,159,True
15,44.2,0.0002,0.1663056021999745,17.174401119777134,0.08008227855291056,230,0.07277948254535735,0.12122671140564813,0.09768717767710382,0.05317760182411543,0.08621774336305618,26.61268866920601,230,5.822358603628588,60.613355702824066,39.074871070841525,26.588800912057714,33.02484657233797,16.152724061374126,230,15.193724643468562,14.028279904740522,15.628013350830203,18.590791255519232,15.86020228863963,0.631085181624993,230,0.6694036432555024,0.47248877088228863,0.5582433821673088,0.730261718588216,0.6075993787233289,29.88171984114737,159,54.32813686794705,33.89806889473124,19.211102621895925,35.8124361281914,155.94920209498187,153,107.32388136121962,180.41257027520075,123.28114191691081,137.00586451777704,0.3143970134968479,155,0.42829829454421997,0.2551482203770834,0.3963558549337365,0.3599341232850133,230,159,True
16,44.0,0.0002,0.16533791256092845,17.087085501352945,0.07993457703648701,230,0.07218828068022996,0.12130443503459294,0.09811090824610376,0.052596776779474955,0.0860501001851004,26.598170833905105,230,5.775062454418397,60.65221751729647,39.2443632984415,26.29838838973748,32.99250791497346,16.144301136523605,230,15.20083495585089,13.973971210040926,15.581005722183571,18.63481608498915,15.847656993266135,0.6301273702279381,230,0.670647919178009,0.46911988655726117,0.555302178289028,0.7302287348679134,0.6063246797230529,29.914809400930345,159,54.34561030069987,34.026276892804084,19.087038823536464,35.81964200568014,156.52495225893907,153,108.47890048556857,182.2053251478407,121.73200607299805,137.4720772354691,0.314932520065697,155,0.42889653229051167,0.24859518512739273,0.4089576812564499,0.36214979955811805,230,159,True
17,44.2,0.0002,0.16347367234882854,16.899505933125813,0.07985198933469212,230,0.07165817383834173,0.1209604831205474,0.09865230088062743,0.05207618881416108,0.08583678666341941,26.603480005879764,230,5.7326539070673395,60.4802415602737,39.46092035225097,26.03809440708054,32.92797755666814,16.13155293062351,230,15.209354455779552,13.948536451535706,15.523446921996069,18.672360159850133,15.838424497290365,0.628937851605208,230,0.6717017334951482,0.4663100673092736,0.5518379316050955,0.7302736895424979,0.6050308554880038,29.962737227385897,159,54.15779368082682,34.20077705383301,18.960393445832388,35.772988060164074,157.10829516641454,153,109.23486836751302,183.95967144436307,120.33490583631728,137.8431485493978,0.3152379723821556,155,0.4302171725365851,0.24223762521084966,0.4204457342038276,0.36430017731708747,230,159,True
18,44.1,0.0002,0.162411161086389,16.804145245324996,0.07975764540226563,230,0.07124303908310306,0.12010482615894741,0.09907517391950527,0.05164273006708494,0.08551644230716017,26.592848525908977,230,5.699443126648244,60.05241307947371,39.6300695678021,25.82136503354247,32.80082270186663,16.116549507401285,230,15.213524627842968,13.949712804162012,15.469190694016968,18.696335672328416,15.832190949587591,0.6281492316204569,230,0.6726633423650769,0.4644898772239685,0.5491382717452151,0.7306396343878337,0.6042327814305235,29.94242999238788,159,53.580604553222656,34.27576194925511,18.869630438940867,35.57533231380621,158.33103499069713,153,110.84441206190321,186.40374247233072,119.45762634277344,138.90192695900245,0.31289627396111047,155,0.4318615463044908,0.23289564952416264,0.4293660887223841,0.3647077615170125,230,159,True
19,44.2,0.0002,0.1611479472191561,16.683397274925596,0.07961355651850285,230,0.07095711465767572,0.11993491815196143,0.09920114322387158,0.05122930593123393,0.08533062049118567,26.552726496658895,230,5.676569172614057,59.96745907598071,39.68045728954863,25.614652965616965,32.734784625940094,16.10306663882984,230,15.206181138989294,13.912979361649382,15.430920262670265,18.72041334137097,15.817623526169978,0.6274622051612191,230,0.6733031856342101,0.46351897716522217,0.5470017483259769,0.7307490333914757,0.6036432361292212,29.903519684413695,159,53.494293212890625,34.25437838980492,18.808918254716055,35.5191966191372,158.98463400049147,153,111.78971099853516,188.1118923611111,118.3050238997848,139.40220908647703,0.3135645225101466,155,0.43473316563500297,0.22717806272703456,0.4405466801383429,0.36748596950012685,230,159,True
20,44.3,0.0002,0.15872611509902138,16.4342390196664,0.07944109541890414,230,0.07063229392531892,0.11922825458976957,0.09930995039324811,0.0508637401674475,0.08500855976894603,26.504162759236667,230,5.650583514025514,59.61412729488479,39.723980157299245,25.431870083723748,32.605140262483324,16.096564460528366,230,15.20219204337573,13.92088162117338,15.400333775255488,18.74883716745128,15.81806115181397,0.6268818018229111,230,0.6739173162151391,0.46325482262505424,0.5452356046818673,0.7305936557906014,0.6032503498281655,29.846210569705605,159,53.06397671169705,34.23761104015594,18.74350450720106,35.34836408635135,159.50523855171951,153,112.68131510416667,189.56032519870334,117.21741471467195,139.81968500584733,0.31222651569595866,156,0.43701233963171643,0.22195780463611617,0.44280195209748024,0.3672573654551043,230,159,True
21,44.0,0.0002,0.15755370358626047,16.328846077691942,0.07935309420623209,230,0.07033059924421176,0.1189367026090622,0.09953645299723808,0.0505514681405787,0.08483880574777268,26.490020461218514,230,5.6264479395369404,59.4683513045311,39.81458119889523,25.27573407028935,32.54627862831315,16.08243186915269,230,15.200687504156233,13.913558666451733,15.356904493103643,18.76677619214675,15.80948171396459,0.6262879764256271,230,0.6744472010874413,0.46203943755891586,0.5433182234459735,0.730896702834538,0.6026753912317171,29.83989391086986,159,52.85845608181424,34.3036849245112,18.647690074784414,35.26994369370328,160.00220494488485,153,113.44371456570096,190.49362038506402,116.94292760778356,140.29342085284952,0.31156299288375716,157,0.4382917632659276,0.2182260026181397,0.448649923088537,0.3683892296575348,230,159,True
22,44.2,0.0002,0.15629308344352813,16.20042285010928,0.07924213699348595,230,0.07010565385956999,0.11872687770260705,0.09953847345202527,0.05041128001175821,0.08469557125649013,26.463623937867258,230,5.6084523087655995,59.36343885130353,39.81538938081011,25.205640005879104,32.498230136689585,16.069263262291916,230,15.193942666506066,13.893013339655694,15.331064206753222,18.76791902702689,15.796484809985468,0.6259896389816119,230,0.6748922635132159,0.46188609467612374,0.5423831692401399,0.7307013124227524,0.6024657099630579,29.808879078559155,159,52.739596896701386,34.275982897332376,18.625232304845536,35.213604032959765,160.5496544432796,153,114.0676761203342,191.44453887939454,116.80517677024558,140.77246392332478,0.31401627714475794,157,0.44047392242484623,0.21947944604776679,0.4531763950447467,0.3710432545057866,230,159,True
23,44.1,0.0002,0.15448308299694744,16.02677379335676,0.07906484276704166,230,0.06994775664323652,0.11855020042922762,0.09938426442602848,0.050170543836429715,0.08451319133373059,26.401750997842655,230,5.595820531458922,59.27510021461381,39.75370577041139,25.085271918214858,32.42747460867474,16.065166770923707,230,15.18478909240292,13.872760234326979,15.322444273737393,18.780423712706924,15.790104328293554,0.6257495679285215,230,0.6752277898116851,0.46193132797876996,0.5414254700249814,0.7308902037995202,0.6023686979037391,29.742195171380192,159,52.63942082722982,34.184152613294884,18.606141056333268,35.14323816561932,160.7308706645093,153,114.50168100992839,191.99833306206597,116.32329827767832,140.94110411655757,0.3188838371725243,157,0.4432818326685164,0.22300628316839055,0.4606480292256244,0.3756453816875105,230,159,True
24,44.0,0.0002,0.15361003936046647,15.941454996381488,0.07902335152839837,230,0.06982686215828002,0.11924383292595546,0.09945922566855207,0.04991610587707588,0.08461150665746586,26.39361597791962,230,5.586148972662402,59.62191646297773,39.78369026742083,24.95805293853794,32.48745216039973,16.051890998453434,230,15.17247760014182,13.80546178085504,15.295958687892318,18.796781202582995,15.767669817868043,0.6254876209341962,230,0.6754078726533433,0.4612421890099843,0.5404514924008795,0.7313316762447357,0.6021083075772358,29.763114515340554,159,53.070936838785805,34.19822770991224,18.572560208184377,35.28057491896081,160.80368366116792,153,114.73345353868272,192.54112040201824,115.5863274468316,140.95363379584418,0.32454362857618196,157,0.4455008871025509,0.22727910913677224,0.4692160827785053,0.3806653596726095,230,159,True
25,44.3,0.0002,0.1522535270878247,15.82236754099528,0.07889866532514925,230,0.0697136132807379,0.11971218387285869,0.09926579274395679,0.0497970055190048,0.08462214885413955,26.353861358988546,230,5.577089062459033,59.856091936429344,39.70631709758272,24.898502759502403,32.50950021399338,16.04396879256955,230,15.164519000290207,13.756781777818288,15.287263798113987,18.796752504416304,15.751329270159697,0.6253245685411536,230,0.6756337070968789,0.46087658074167037,0.5399263761145003,0.7313158746276583,0.601938134645177,29.751094704154152,159,53.34015358818902,34.14572203412969,18.58330007961818,35.356391900645626,160.48139958599813,153,114.73966132269965,192.25131251017254,115.15516775625723,140.7153805297098,0.32854385656169083,158,0.44511451323827106,0.23420790829495478,0.4664743436816415,0.38193225507162243,230,159,True
26,43.9,0.0002,0.15061942377970333,15.66251487277803,0.07880054294415142,230,0.06960353551721069,0.11967255340682136,0.09921586347070147,0.0496237447950989,0.0845289242974581,26.321112577519987,230,5.568282841376855,59.836276703410675,39.686345388280586,24.81187239754945,32.47569433265439,16.037444171087103,230,15.158258287346703,13.745904499882904,15.271727503028233,18.805719556514596,15.745402461693109,0.6250857833934866,230,0.6759592764814135,0.4600431587960985,0.5392006822723023,0.7312744462064334,0.6016193909390619,29.731474636485743,159,53.276988135443794,34.14269180500761,18.54283114842006,35.320837029623824,160.58134106405421,153,115.10430992974176,192.34170701768664,115.22690299705222,140.89097331482688,0.3320637045176169,158,0.44587814642323387,0.2382929473877534,0.4694985337305947,0.3845565425138606,230,159,True
27,44.1,0.0002,0.14968224292000135,15.557612219310942,0.07879093105540327,230,0.06956719208351324,0.11984000189436807,0.09931231254434332,0.04944153765349516,0.08454026104392995,26.31707680662689,230,5.565375366681058,59.920000947184036,39.72492501773733,24.72076882674758,32.4827675395875,16.030593297643833,230,15.137627264235194,13.728943516056152,15.261372145767714,18.823847309834157,15.737947558973303,0.6246372137380682,230,0.6760521161724145,0.4590539104408688,0.5381634561939442,0.7312144434877804,0.6011209815737519,29.7500963031121,159,53.404209560818146,34.167129445583264,18.534236754689896,35.3685252536971,160.73725327635123,153,114.70689900716145,192.90884806315105,114.78965434321651,140.80180047117634,0.33447377147489005,158,0.4467882944477929,0.23953459063114257,0.47409007704118267,0.38680432070670606,230,159,True
28,44.2,0.0002,0.14895028645793598,15.488328170776366,0.07860526307283536,230,0.06948446996614967,0.11919723865058687,0.0990403868020215,0.049343600569825084,0.08426642399714578,26.24608140454992,230,5.558757597291973,59.598619325293434,39.616154720808595,24.671800284912543,32.36133298207664,16.03594800339543,230,15.129208448867585,13.758445314861465,15.276521998695772,18.82634223571776,15.747629499535645,0.6243181842824687,230,0.6761647664325338,0.45844073759184945,0.5374947022250358,0.7309824164424624,0.6007706556729704,29.665852510704184,159,53.02325778537326,34.04988507007031,18.553072009767806,35.208738288403794,160.85394441691878,153,114.36111365424262,193.32371605767145,114.48646347611039,140.72376439600814,0.3352520156819727,158,0.4487246854437722,0.2390176510833885,0.476833120678618,0.3881918190685929,230,159,True
29,44.1,0.0002,0.14760911468239057,15.365887868972052,0.07845880577097768,230,0.06945890726023157,0.11868921253416273,0.09886699498809398,0.049147186967145116,0.08404057543740835,26.183253462061934,230,5.556712580818526,59.34460626708137,39.5467979952376,24.57359348357256,32.25542758167751,16.037588664572848,230,15.119140803013368,13.781049602753038,15.274688933103834,18.845289101808362,15.75504211016965,0.6242892914492151,230,0.6762034326372012,0.45881454149882,0.5373301188996498,0.7310309154646737,0.6008447521250861,29.551534520755023,159,52.64322153727213,33.93579345053815,18.48107876096453,35.020031249591604,161.43365797653698,153,114.74380323621962,194.3235484653049,114.39881628530996,141.15538932894484,0.3336641692119515,158,0.4491870817210939,0.23597740906388348,0.47732778494745226,0.3874974252441432,230,159,True
30,44.2,0.0002,0.14717770665884017,15.321253944578626,0.07820154865798742,230,0.06941248424036402,0.11771520723899205,0.09854436392321232,0.048847548863185306,0.08362990106643842,26.07382954235958,230,5.552998739229122,58.857603619496025,39.417745569284925,24.42377443159265,32.063030589900684,16.05334624222843,230,15.111116955748637,13.83127791325057,15.295019359030823,18.877982337254156,15.778849141321047,0.6245819159176038,230,0.6763600614708913,0.4601902299457126,0.5373658892956186,0.7317530470235007,0.6014173069339308,29.389655898951883,159,51.98136647542318,33.779565892320996,18.39006778172084,34.71700004982167,161.64597604788986,153,115.58289337158203,194.77374343872071,114.11021084255643,141.48894921761973,0.33467914612523186,158,0.451005435652203,0.23585464216340635,0.48010311510214315,0.38898773097258416,230,159,True
31,43.8,0.0002,0.14572537686853182,14.98143881389073,0.07774633560329676,230,0.06934949438231931,0.116378472910987,0.09778859902252542,0.048541223630309105,0.0830144474865352,25.885277569941852,230,5.547959550585546,58.1892364554935,39.11543960901017,24.270611815154552,31.78081185756094,16.086334009404826,230,15.110409156390185,13.88871147000427,15.348021523763087,18.916166885636397,15.815827258948485,0.628241052834884,230,0.6767885760522224,0.46861109799808925,0.5437062018095179,0.7342423285756793,0.6058370511088772,29.136802361446357,159,51.2328732808431,33.48578586984188,18.285568646022252,34.33474259890241,161.3987898483775,153,115.82525465223524,194.6432002597385,113.58702836213288,141.35182775803554,0.33856863083164146,156,0.45222238037321305,0.240947698194989,0.4789368651898777,0.3907023145860266,230,159,True
32,44.0,0.0002,0.14393115756767136,14.605049028850736,0.07737587996475075,230,0.06923326196699915,0.1149425216846996,0.09729295414178929,0.048229828709736466,0.08242464162580612,25.735376326772183,230,5.538660957359932,57.47126084234979,38.91718165671572,24.114914354868233,31.51050445282342,16.121624606780827,230,15.124820718536439,13.96319050895237,15.390568976517368,18.959449824469623,15.85950750711895,0.6321910111800484,230,0.6773994006741215,0.47748291823599076,0.5502455088686435,0.7372884111745017,0.6106040597383144,28.961886058063627,159,50.52045355902778,33.31913360636285,18.183165039334977,34.00758406824187,160.7319011064916,153,115.57050916883681,193.88172039455839,113.00910094932273,140.8204435042393,0.34106653452974806,155,0.4546934101316664,0.24169038953726527,0.4868953947824511,0.39442639815046093,230,159,True
33,44.0,0.0002,0.14268720895051956,14.509175754728771,0.0772026689561165,230,0.0690740569638954,0.1143389559454388,0.09720650077500242,0.04796239534126861,0.08214547725640131,25.672945408717446,230,5.525924557111632,57.169477972719406,38.88260031000097,23.981197670634305,31.389800127616578,16.140122272500538,230,15.140664978691584,13.994088825855398,15.399284959840925,18.9957379201835,15.882444171142852,0.6348540842533111,230,0.6779436993766839,0.48339752356211346,0.5542978248063554,0.7397832764046532,0.6138555810374515,28.88122196917264,159,50.08947202894423,33.26757540601365,18.10994565486908,33.82233102994232,160.75471501568563,153,116.73034159342448,194.27708519829645,112.2214936150445,141.07630680225515,0.340267910979568,155,0.4528100821706984,0.23940334917854642,0.48873692158270965,0.39365011764398483,230,159,True
34,44.0,0.0002,0.14248213775101162,14.61090141478039,0.07707378967948582,230,0.06901848321439515,0.11436715556515588,0.09705371770294423,0.047755454533866475,0.08204870275409043,25.621955205564912,230,5.5214786571516115,57.18357778257794,38.82148708117769,23.87772726693324,31.351067696960122,16.148424132945667,230,15.142963149238575,13.989980861494768,15.40410225800943,19.019495124557587,15.889135348325091,0.6365319394547007,230,0.6782369139328809,0.4874943627251519,0.5568444725680859,0.7413695624896458,0.6159863279289411,28.825510648811388,159,50.04323705037435,33.206740440206325,18.061311755861556,33.770429748814074,160.4428215276182,153,117.16566212972005,194.06512188381618,111.61851416693793,140.94976606015805,0.3421044245516494,154,0.4514472583929698,0.2379462506064306,0.49940643055985373,0.39626664651975135,230,159,True
35,44.2,0.0002,0.14195281142989793,14.701075622013636,0.07703107570338508,230,0.06909596531743735,0.11401994443602032,0.09694738000472809,0.04771608310485525,0.08194484321576025,25.59489846990808,230,5.527677225394988,57.00997221801016,38.778952001891234,23.858041552427625,31.293660749431,16.14675820168401,230,15.126993321275213,14.013253162571832,15.410303596075265,19.018750787188573,15.89232521677772,0.6364663239406503,230,0.678101873313877,0.4884374539057414,0.5567550709907044,0.7412697811211858,0.6161410448328771,28.8124787012736,159,49.83500544230143,33.193825995668455,18.079453945159912,33.7027617943766,159.99103758070203,153,117.20989481608073,193.53999710083008,111.20629550792553,140.65206247494544,0.34288844913671357,154,0.4509304265181224,0.23835915988112882,0.5010326625779271,0.39677408299239275,230,159,True
36,43.9,0.0002,0.14136064180306027,14.648965594882057,0.07695625931348489,230,0.06917214509047254,0.11330303384198083,0.09681201409152214,0.04765465556244765,0.08173546214660579,25.553145747793756,230,5.533771607237802,56.65151692099042,38.724805636608856,23.827327781223826,31.184355486515226,16.14695388180089,230,15.112702287072333,14.060311907943342,15.416389188101617,19.01989534962548,15.902324683185693,0.6357571157424347,230,0.6778281763405867,0.4875764383210076,0.5554787630730487,0.7409847219075475,0.6154670249105476,28.747785598227065,159,49.37732272677951,33.13103632216758,18.07472484452384,33.527694631156976,160.09165047040952,153,117.74256218804254,193.714439646403,111.11184989081488,140.85628390842012,0.3418694345564763,154,0.44991730484697556,0.2364030412480153,0.5015918597130588,0.39597073526934984,230,159,True
37,44.0,0.0002,0.14080961527568953,14.626678575788226,0.07690186647131392,230,0.06919560877894851,0.11341652853621377,0.09668677510257731,0.04759349015408328,0.08172310064295572,25.528025671515774,230,5.535648702315881,56.70826426810689,38.67471004103093,23.796745077041642,31.178842022123835,16.142574766864872,230,15.093712466097298,14.052943209392357,15.420738645134923,19.019869459978548,15.896815945150781,0.634744282649911,230,0.677573133942107,0.48546478483412003,0.5536719513066272,0.740520464522498,0.6143075836513381,28.756257884907274,159,49.38042110866971,33.13649364227944,18.089121631213597,33.53534546072091,159.46404857261507,153,118.29787699381511,192.66737263997396,110.98620372348361,140.65048445242422,0.34422197964421714,155,0.4467995646927092,0.24330018044757698,0.49441626076163214,0.3948386686339728,230,159,True
38,44.0,0.0002,0.14030996206260862,14.573623593648275,0.07687295621018046,230,0.0690538592269303,0.11346232228808933,0.09672055857137163,0.04759040208799498,0.08170678554359656,25.530567962838255,230,5.524308738154425,56.73116114404466,38.68822342854865,23.79520104399749,31.184723588686307,16.141159371180105,230,15.09334897019041,14.063125831574338,15.420768213950698,19.01283096236377,15.897518494519804,0.6339496096839076,230,0.6776350652667839,0.48280664616160923,0.5522230353127134,0.7400374189019203,0.6131755414107567,28.789020892209226,159,49.4247317843967,33.17524677641848,18.109973907470703,33.569984156095295,159.17565122616836,153,118.48198615180121,192.23239466349284,110.8633563430221,140.52591238610538,0.344581983282786,156,0.4459884878661897,0.24424474310438635,0.49582502974027937,0.39535275357028515,230,159,True
39,44.0,0.0002,0.13933907037689572,14.487613423665364,0.07689473132562379,230,0.0690167559914186,0.11397309187385771,0.09672475194043302,0.047637750361380835,0.08183808754177255,25.54609465453288,230,5.521340479313488,56.986545936928856,38.689900776173204,23.818875180690416,31.25416559327649,16.1291778313219,230,15.081740653452574,14.036337248685623,15.410885557243839,18.999232806960944,15.882049066585745,0.63281347984853,230,0.6774933661373568,0.48004959358109367,0.5503476027478563,0.739141970872879,0.6117581333347965,28.849750296874618,159,49.72974607679579,33.213225963267874,18.169631106512888,33.704201048858856,158.79804977716185,153,118.61238182915582,191.72231335110135,110.621888478597,140.31886121961807,0.34354321139089505,158,0.4445315831237369,0.2464980484494659,0.48847722581870456,0.39316895246396916,230,159,False
40,44.1,0.0002,0.1387216660593237,14.425503181275868,0.0769036884136174,230,0.06900755200587527,0.11398246635993321,0.09674993708254175,0.04764242606636669,0.08184559537867923,25.550737209456123,230,5.520604160470023,56.991233179966606,38.6999748330167,23.821213033183344,31.258256301659166,16.12338187805802,230,15.075933323524405,14.039498151591417,15.404689265870974,18.9926837790521,15.878201130009725,0.6318763359733249,230,0.6774580911011763,0.47771354847484165,0.5487059792305561,0.7384687289595604,0.6105865869415336,28.878932712962794,159,49.74666765001085,33.23317084413894,18.21628987789154,33.732042790680445,158.75348391564063,153,118.50233205159505,191.90399254692926,110.21116150750055,140.2058287020083,0.3488384189230989,157,0.444062030977673,0.2526735267791715,0.4915198040793517,0.3960851206120654,230,159,False
41,43.6,0.0002,0.1387600077759652,14.443727743057977,0.07706084061090065,230,0.0690253447793739,0.11311117476887173,0.09719359581457808,0.04766063003002533,0.08174768634821226,25.608874296850484,230,5.522027582349912,56.55558738443587,38.87743832583123,23.830315015012665,31.196342076907417,16.105755517295997,230,15.061085951933611,14.09347865727437,15.379515518072525,18.97269463886618,15.876693691536671,0.6308082016913787,230,0.6773077501377589,0.47773023115264046,0.546538289557112,0.7379083005445344,0.6098711428480115,28.96870150056275,159,49.23469924926758,33.39739819790454,18.27778240612575,33.636626617765955,159.17463145536536,153,118.78552330864801,192.53542955186632,110.30481931898329,140.54192405983255,0.3481883650783396,158,0.4451213926076889,0.2520160957443608,0.49232450436933767,0.3964873309071291,230,159,False
42,43.8,0.0002,0.13858610207126254,14.425927330198743,0.0769651918793502,230,0.06906142880694127,0.112543818851312,0.09694234804904207,0.047734957155106325,0.08157063821560041,25.56663994539691,230,5.524914304555302,56.271909425656,38.77693921961683,23.86747857755316,31.110310381845323,16.106446872858275,230,15.05000961575559,14.133076218732917,15.395319413552802,18.956685485646368,15.883772683421919,0.6304474966681521,230,0.6772005394311018,0.4774382346206241,0.5461777401097277,0.7372148973601205,0.6095078528803936,28.888330849461585,159,48.878838857014976,33.275845121830066,18.31081453391484,33.48849950425329,159.64915892657112,153,119.17575158013238,192.94717661539713,110.89803066960087,141.0069862883768,0.34718913556691083,158,0.44576288925276863,0.25163683520131797,0.4900319954031147,0.39581057328573377,230,159,False
43,44.1,0.0002,0.13745585974483263,14.315396835690454,0.07690759097914333,230,0.06907365909239775,0.11232050177123812,0.09676591247478698,0.04781492573342153,0.0814937497679611,25.54346465740515,230,5.52589272739182,56.16025088561906,38.706364989914796,23.907462866710766,31.074992867409108,16.103106109768596,230,15.038734112022903,14.142368093498051,15.40552421098299,18.93863740391549,15.881315955104858,0.6298691486534865,230,0.6770710722661354,0.47717321912447613,0.545485295196797,0.7362085953354836,0.608984545480723,28.868873920080798,159,48.76935365464952,33.20999015645778,18.38370885167803,33.454350887595105,159.5921838299122,153,118.67275916205512,192.9169169108073,110.87086613972981,140.82018073753073,0.3476009601071371,158,0.4459035313791699,0.25118717434190174,0.49191808394139763,0.3963362632208231,230,159,False
44,43.7,0.0002,0.13687549630800883,14.25572992960612,0.07685615730512402,230,0.06909353519514413,0.11240738299157885,0.09657009611738489,0.04789320891723037,0.08149105580533456,25.52317376985498,230,5.52748281561153,56.20369149578942,38.62803844695396,23.946604458615184,31.076454304242525,16.098306185358226,230,15.025725543796474,14.127288067192513,15.417297802309214,18.918077196447207,15.872097152436352,0.6293196736470513,230,0.676916028412295,0.4775436686144935,0.5446771446694719,0.7354453983051437,0.6086455600003511,28.901944652293462,159,48.88201480441623,33.20294262500519,18.471329637936183,33.51876235578587,158.76808944402956,153,118.04855600992839,191.68360663519965,110.69548303109629,140.14254855874142,0.353159506486941,158,0.4473320527209176,0.25899633668082694,0.4944027542702055,0.4002437145573167,230,159,True
45,44.3,0.0002,0.1361200932945524,14.192758351280576,0.07685411697982446,230,0.06917076332258507,0.11183383481370078,0.0965758112675332,0.04786949887472604,0.08136247706963627,25.51190723689354,230,5.533661065806805,55.91691740685039,38.63032450701328,23.93474943736302,31.003913104258373,16.09558163172643,230,15.007499080382274,14.167602095952343,15.42039525018348,18.91831728944854,15.87845342899166,0.628464170642521,230,0.6766771439095618,0.47745928830570644,0.543210911941021,0.7347093341606004,0.6080141695792224,28.891970646456354,159,48.45241249932183,33.200314684117096,18.51646499974387,33.3897307277276,158.72194312600527,153,118.70565541585286,191.76494750976562,110.31965043809679,140.26341778790507,0.3540661156783912,158,0.4464470512337155,0.25890753690281043,0.49725039078787503,0.4008683263081336,230,159,True
46,43.9,0.0002,0.13513005918690135,14.09330233165196,0.07692374996840953,230,0.06931442329266542,0.11112172239356571,0.09670743516626511,0.04786685771042747,0.08125260964073093,25.52271849224749,230,5.545153863413233,55.56086119678285,38.68297406650604,23.933428855213737,30.930604495478967,16.091858819715306,230,14.992982119338306,14.223118592785536,15.417726720148167,18.916989625580417,15.887704264463107,0.6277792250332626,230,0.6763874754099779,0.47851053542561,0.5419557709643181,0.7342013163225991,0.6077637745306262,28.920485454535335,159,48.001863691541885,33.28252553939819,18.531839523996627,33.272076251645565,158.424508562275,153,118.87755160861545,191.3966889275445,110.0620341124358,140.11209154953193,0.35585636274500076,158,0.4481914159324434,0.26083407327733055,0.49882167420582846,0.40261572113853417,230,159,False
47,43.6,0.0002,0.13478501556175096,14.07503352846418,0.07692297562632872,230,0.06933279175468733,0.11086323940091664,0.09680327127112988,0.047721062953184755,0.08118009134497965,25.516033030236546,230,5.546623340374987,55.43161970045831,38.72130850845195,23.860531476592378,30.890020756469408,16.092950109221878,230,14.992056196360902,14.247573986580903,15.409326113511733,18.93281633267994,15.89544315728337,0.6276138804529025,230,0.6763281801217039,0.47940096590254044,0.5413782400019626,0.7344237225396293,0.607882777141459,28.935043035063355,159,47.82725355360243,33.36011793258342,18.470990623746598,33.21945403664415,158.3397565355488,153,119.16778564453125,191.11581666734483,110.24165146439164,140.17508459208923,0.357635235622425,158,0.4499158610900243,0.2627802322085406,0.5003314800560474,0.40434252445153746,230,159,False
48,43.9,0.0002,0.13428604695059004,14.028070336296445,0.07690793893745412,230,0.06933728802267095,0.11076591826147503,0.09671806290428689,0.04781227372586727,0.08115838572857503,25.511414163786434,230,5.546983041813676,55.38295913073752,38.68722516171476,23.906136862933636,30.8808260492999,16.085876805959415,230,14.983650427129353,14.255773415111772,15.405947312576773,18.918776373683194,15.891036882125274,0.6272266535655312,230,0.6762249343831774,0.4794799288113912,0.5409509951763964,0.7336686977318355,0.6075811390257001,28.943126468538487,159,47.79684914482964,33.344423162176255,18.525173016956874,33.222148441320925,158.38527739281747,153,118.95407952202692,191.23048400878906,110.2151326779966,140.1332320696042,0.3582788265915882,158,0.45237234897083706,0.26361818664321696,0.5003609304091826,0.4054504886744122,230,159,False
49,43.8,0.0002,0.13371126304070155,13.966682847340902,0.07673501151249461,230,0.06939551110943439,0.11020043823454115,0.0962646696716547,0.04788015117602689,0.08093519254791429,25.435931685826052,230,5.551640888754751,55.100219117270576,38.50586786866188,23.940075588013446,30.774450865675163,16.087120158807313,230,14.970105186472386,14.288060500030964,15.427007666738396,18.90051612700812,15.896422370062467,0.6272774202668149,230,0.6760384583137404,0.4798914160993364,0.5415133256861504,0.7331035850303513,0.6076366962823947,28.84879074456557,159,47.54868486192491,33.187229836240725,18.561070714678085,33.09899513761457,158.26842847836562,153,118.57766638861762,190.82227037217882,110.62715233696832,140.0090296992549,0.35983783662720004,158,0.45475224488311344,0.26631700800060826,0.49989511141237536,0.40698812143203233,230,159,True
50,44.3,0.0002,0.13413310295769146,14.023193479719616,0.07666105958430663,230,0.06943579091572426,0.11087080587943395,0.09597111501275225,0.04791036580822298,0.08104701940403336,25.405730808558673,230,5.554863273257941,55.43540293971697,38.3884460051009,23.95518290411149,30.833473780546825,16.083374787922974,230,14.95778635629276,14.232418561402662,15.436005444517818,18.894590912289285,15.880200318625631,0.6270748549181482,230,0.675915905707319,0.4800389309724172,0.5413342064365427,0.7327039561101368,0.6074982498066039,28.840715756206393,159,48.027136908637154,33.12975699850853,18.557721699987137,33.23820520237761,157.81018998887805,153,117.65426296657986,189.86428705851236,111.07934937653718,139.5326331338765,0.3632161132600807,158,0.45551825563112897,0.2721107972620596,0.49968174016144723,0.40910359768487864,230,159,True
51,43.9,0.0002,0.1322229900175617,13.82825527191162,0.07657013984963945,230,0.06945133636849866,0.11092307418584824,0.09579346424087565,0.04780703530247722,0.08099372752442494,25.365515949285548,230,5.556106909479894,55.46153709292412,38.31738569635026,23.903517651238612,30.80963683749822,16.088763360674996,230,14.95068764729047,14.240890544340159,15.44508317869978,18.90912350537116,15.886446218925393,0.6268821577663007,230,0.6757969591819065,0.47955379883448285,0.5409971183918892,0.7327071226068905,0.6072637497537923,28.785470782585865,159,48.004020267062714,33.07898888689407,18.489798511777604,33.19093588857813,157.68552874895482,153,117.7420391506619,189.59863577948676,111.15426529778375,139.49831340931078,0.36353497179497707,158,0.45542894966072506,0.272462831527215,0.5000111011540866,0.4093009607806756,230,159,True
52,44.0,0.0002,0.13178601399773643,13.801620928446452,0.07655475923548574,230,0.06940381144973594,0.11120461506976022,0.09574750608744774,0.04783601613183107,0.08104798718469375,25.365865640990112,230,5.552304915978875,55.60230753488011,38.299002434979094,23.918008065915533,30.842905737938402,16.08480194798882,230,14.945798583035831,14.215647274094197,15.443465894007273,18.90582373461343,15.877683871437682,0.6261833540771319,230,0.6757053812624703,0.47873860597610474,0.5398822499716536,0.7319555431604385,0.6065704450926668,28.813874448620297,159,48.180271572536896,33.087809998938376,18.527311665671213,33.26513107904883,157.46045270932265,153,117.52415296766493,189.31894209120009,111.01902036313658,139.28737180733387,0.3627959172894487,159,0.45339765979184043,0.27178228871421295,0.5010077994957101,0.4087292493339212,230,159,True
53,44.1,0.0002,0.13157561527831213,13.781154332842146,0.07661046832799911,230,0.06938802516481406,0.11119741035832299,0.09586907249498874,0.04788193608900266,0.08108411102678212,25.39079854718369,230,5.551042013185125,55.5987051791615,38.3476289979955,23.94096804450133,30.859586058710864,16.075843047440728,230,14.932740141985416,14.209677954778519,15.43760558894991,18.89638078350186,15.869101117303927,0.6256738020026166,230,0.6754743519803168,0.4790619479285346,0.5391351171630494,0.7313578022377831,0.606257304827421,28.845933320387353,159,48.167808532714844,33.14112540508838,18.53084523337228,33.279926390391836,157.78638326108845,153,117.58738454182942,189.47638566758897,111.66954570346408,139.5777719709608,0.36253414826127905,159,0.4521211799648073,0.272179043591716,0.4998037295756928,0.40803465104407205,230,159,False
54,43.9,0.0002,0.13000768706912086,13.61845323471796,0.07652596125946097,230,0.06925972642927943,0.11010227186812295,0.09588645053829284,0.047844352067581246,0.08077320022581912,25.36446898981281,230,5.540778114342354,55.05113593406148,38.354580215317135,23.922176033790624,30.717167574377896,16.084928997954375,230,14.941828174337184,14.283600384499197,15.440589872812653,18.90528602940508,15.892826115263528,0.6253484863301982,230,0.675583025099526,0.4799165791935391,0.5384167458148713,0.7309523884739194,0.6062171846454639,28.79457632100807,159,47.492362552218964,33.13569422985645,18.502698472567968,33.04358508488112,158.05942390790952,153,117.94632297092014,189.7212692260742,111.97519853379991,139.8809302435981,0.36137754406996725,159,0.4531516598330604,0.2712074757400068,0.4979850330190467,0.4074480561973713,230,159,True
55,44.4,0.0002,0.13070615246182396,13.692071001870291,0.07647431915544946,230,0.06910631238994464,0.11072172390090095,0.09587061853009335,0.047753778020186086,0.08086310821028125,25.359185448807217,230,5.528504991195571,55.36086195045047,38.348247412037345,23.87688901009304,30.778625840944105,16.086035326732368,230,14.948671896581233,14.257625977272758,15.43515998160972,18.91444193615015,15.888974947903465,0.6248740240283635,230,0.6755375786566399,0.4788008431593577,0.537518230207423,0.7307488609637532,0.6056513782467935,28.809496453723067,159,47.83988232082791,33.13751232877691,18.48615779195513,33.154517480519985,157.96963323954662,153,117.71573384602864,189.6247927347819,111.92001731307418,139.7535146312949,0.3624745631826977,159,0.4508312874370151,0.27255726864677854,0.4992069768985467,0.40753184432744677,230,159,True
56,43.9,0.0002,0.1304130748269104,13.66834283556257,0.07656090755987427,230,0.06905361194111093,0.11141589035590489,0.09606333390036796,0.04774117662704417,0.08106850320610699,25.40143618538328,230,5.524288955288873,55.707945177952446,38.42533356014719,23.870588313522084,30.882039001727648,16.079185877804626,230,14.943882000982535,14.224471878765485,15.42324271466149,18.91771549532562,15.877328022433783,0.624242005140885,230,0.6753657691075768,0.47695110903845894,0.5365333008639356,0.7303214520215988,0.6047929077578925,28.890131578505414,159,48.22619883219401,33.20663424755664,18.53699128968375,33.32327478981147,157.96284592073727,153,117.51959143744574,189.99677539401586,111.31350587915492,139.60995757020552,0.36519048409647004,158,0.44943471915192074,0.27482790314850286,0.5017176611082894,0.408660094469571,230,159,False
57,44.0,0.0002,0.1292285640324865,13.549491101219541,0.07669464481751556,230,0.06897967274654919,0.11129521412981881,0.09640601138643762,0.04782838474160859,0.08112732075110356,25.463886111650776,230,5.518373819723935,55.64760706490941,38.562404554575046,23.914192370804294,30.91064445250317,16.06779724974892,230,14.93839030444386,14.24976082441352,15.407758992768956,18.899829697977395,15.873934954900934,0.6236541929452316,230,0.675093305362782,0.4761472311284807,0.5355319133464326,0.730062763605799,0.6042088033608736,28.958116579355682,159,48.00862291124132,33.33420034165078,18.550858889307296,33.2978940473998,158.29595548343036,153,118.62296973334418,190.20980648464626,111.71836810641818,140.18371477480287,0.3646414697441402,158,0.4452400820122825,0.27465049350654247,0.5011374211670565,0.4070093322286272,230,159,False
58,44.1,0.0002,0.12874678103696732,13.503513395218622,0.07673490274211635,230,0.06893693393384906,0.11003790630234613,0.09660755617028856,0.04791167651170066,0.0808735182295461,25.481319206240386,230,5.514954714707925,55.018953151173065,38.64302246811542,23.95583825585033,30.783192147461683,16.06631523997824,230,14.939820810235751,14.346762718158958,15.405352714126314,18.880378715659866,15.893078739545222,0.6231581502634546,230,0.6747237574046766,0.47626286413934493,0.5346877242022372,0.7298924273678234,0.6038916932785205,28.930160516462987,159,47.117479960123696,33.37118713906471,18.552618060793197,33.013761719993866,159.05173133401308,153,120.24791802300348,190.82268405490453,112.56744568436234,141.21268258742344,0.36226575910644254,158,0.4431229299969143,0.2720230726965813,0.49913817514399333,0.4047613926124963,230,159,False
59,43.8,0.0002,0.12778432198933193,13.41310967717852,0.0767374516910185,230,0.06891615358246884,0.11017983241213693,0.09656759759688631,0.0479927556921861,0.08091408482091955,25.48692098794424,230,5.513292286597507,55.089916206068466,38.627039038754525,23.99637784609305,30.806656344378386,16.06052720827174,230,14.93516357421559,14.327615611631549,15.406615781577116,18.863468217147506,15.88321579614294,0.6225906394098116,230,0.6743023361958248,0.47552385263972813,0.5339453093549038,0.7294608471649033,0.60330808633884,28.92329018670808,159,47.1522348192003,33.35483749876631,18.554969668388367,33.02068066211833,159.3183038000967,153,120.53927273220486,190.8890870836046,113.1635035055655,141.53062110712497,0.361943630766878,158,0.44213377436002094,0.27303874591786054,0.49670154145652695,0.4039580205781361,230,159,False
60,44.2,0.0002,0.12841983877477192,13.475036219188146,0.07678549304280592,230,0.06893196924996207,0.10940347694688374,0.09668757738743691,0.048093393145661266,0.080779104182486,25.503987606290888,230,5.514557539996966,54.701738473441864,38.675030954974766,24.046696572830633,30.73450588531106,16.05095882822333,230,14.927901622505692,14.378555331781001,15.392643143376489,18.84864396125077,15.886936014728487,0.6219688871632452,230,0.6737110283173305,0.47599714001019794,0.5332583734329711,0.7287339227540153,0.6029251161286288,28.912632996181273,159,46.61640421549479,33.37912490520071,18.570058345794678,32.85519582216339,159.74168246400123,153,121.40643564860027,191.44679387410483,113.2890379163954,142.04742247970015,0.35957877736986626,158,0.44148989849620396,0.2698074416708081,0.4954990296890693,0.4022654566186938,230,159,False
61,43.9,0.0002,0.12734336171831404,13.374145830245245,0.07692094969198755,230,0.06900163259829434,0.10927015708552466,0.09696313187955542,0.04812029828982694,0.08083880496330034,25.551422134041786,230,5.520130607863547,54.63507854276233,38.78525275182217,24.06014914491347,30.75015276184038,16.044820314119892,230,14.924201397649844,14.390271236383414,15.380581749237502,18.84648656176179,15.885385236258138,0.6214923473803894,230,0.6731523208215203,0.4765692452589671,0.5326646344458803,0.7283897548913956,0.6026939888544408,29.006576208198595,159,46.531131744384766,33.52670582304609,18.602769357817515,32.88686897508279,159.444581698748,153,121.54503631591797,191.04945356580947,113.08638615078397,141.89362534417046,0.36225648093791796,158,0.44215647048420376,0.2730901959973077,0.4974951343943498,0.4042472669586204,230,159,False
62,44.1,0.0002,0.12657497252027194,13.303018372399466,0.07711486546727626,230,0.069227814648143,0.10881249109903972,0.09727626765503529,0.04817790424983416,0.08087361941301305,25.606257304225277,230,5.53822517185144,54.40624554951986,38.91050706201411,24.088952124917082,30.735982477075623,16.033233658106578,230,14.90484991481531,14.44750205578377,15.366600448144984,18.837704228302574,15.88916416176166,0.620902070791825,230,0.672466686913665,0.47768982582622105,0.5318689184620026,0.7279902632747378,0.6025039236191566,29.057942210503345,159,46.220157623291016,33.641631653968325,18.60567888191768,32.82248938639234,159.6791820900113,153,121.96468438042535,191.2246095445421,113.38921928405762,142.1928377363417,0.3622541802882252,158,0.4430466840664546,0.2733085807663218,0.4969828985298851,0.4044460544542205,230,159,False
63,43.8,0.0002,0.1270715080201626,13.359148554574876,0.07721299898365269,230,0.06925349693063279,0.10834995739989811,0.09754847097111509,0.04816581421930875,0.08082943488023869,25.64086946747873,230,5.540279754450624,54.17497869994905,39.01938838844604,24.082907109654375,30.704388488125023,16.025777570113224,230,14.902121690011407,14.494620894461596,15.34817807374535,18.83389060987525,15.8947028170234,0.6207892038252043,230,0.6723003618314233,0.4788377218776279,0.5315116517087246,0.728152793432985,0.6027006322126902,29.109928131103516,159,45.861303117540146,33.760425486463184,18.611550876072474,32.7444264933586,159.86557734869663,153,123.0328131781684,191.2792577955458,113.6482372990361,142.65343609091676,0.36514075716162564,157,0.4404786941077974,0.27761311578037945,0.49682828527875245,0.4049733650556431,230,159,False
64,43.9,0.0002,0.12596167939759437,13.239302598862421,0.07725483103776755,230,0.06924707494990927,0.10754477729399999,0.097750436673139,0.048136156684319885,0.08066961140034204,25.654363867867254,230,5.539765995992741,53.77238864699999,39.1001746692556,24.068078342159943,30.62010191360207,16.026604229377813,230,14.903415390569705,14.555227124162283,15.341592767614209,18.836959209879495,15.909298623056422,0.6206018241851227,230,0.6721097847945253,0.4811615182293786,0.5310871680366233,0.7279638818332127,0.6030805882234349,29.131936013323706,159,45.354901207817925,33.83692047443796,18.627021261623927,32.606280981293274,159.80427541296467,153,123.7229758368598,191.5151623196072,112.96634716457791,142.7348284403483,0.36651232284582724,157,0.4394792798492644,0.2782991952870203,0.4997070571740291,0.40582851077010457,230,159,False
65,44.1,0.0002,0.1262118140856425,13.270126333690826,0.07737632636790691,230,0.06924262157523296,0.10782999296983083,0.0980375062357238,0.04811309660518808,0.08080580434649391,25.70395651443497,230,5.539409726018637,53.91499648491541,39.21500249428952,24.05654830259404,30.681489251954403,16.01400659517196,230,14.898024072133211,14.515717493991982,15.318784083557594,18.836690115495553,15.892303941294585,0.620341127851735,230,0.6717542158046239,0.48215670386950177,0.5305508365656467,0.7280843055674008,0.6031365154517933,29.211271262018936,159,45.5296762254503,33.97108558898277,18.598982129778182,32.69991464807042,159.7734055363275,153,123.79044257269965,191.50749248928494,112.88042110866971,142.72611872355142,0.36847063508010797,157,0.43875083658430314,0.2813595416481131,0.5002866847623538,0.40679902099825666,230,159,False
66,43.8,0.0002,0.1258268488659745,13.236405831291561,0.0773942635840048,230,0.06922535962936743,0.10743149369955063,0.0981451660949499,0.04809198275740657,0.08072350054531863,25.710763159653414,230,5.538028770349395,53.715746849775314,39.25806643797996,24.045991378703288,30.63945835920199,16.009604777648583,230,14.899546339617823,14.517986680118971,15.310780804265224,18.829750589719772,15.889516103430449,0.6203757709783057,230,0.6718282158106146,0.4829411274856991,0.5302849852658332,0.7284529507160187,0.6033768198195414,29.218872700097425,159,45.26973639594184,34.02335254182207,18.574607014656067,32.622565317473324,160.0309699064766,153,124.47545539008246,191.64192835489908,113.27195824517145,143.1297806633843,0.3684824377614975,157,0.4371669756041633,0.28162286292860267,0.5001417242622536,0.40631052093167314,230,159,False
67,44.0,0.0002,0.12481111848638171,13.14601622536069,0.07734589644748231,230,0.06912582543429355,0.10729809767670101,0.09808664463777492,0.0481391982508025,0.08066244149989299,25.70187616267282,230,5.530066034743483,53.64904883835051,39.234657855109965,24.06959912540125,30.6208429634013,16.008446000796383,230,14.907032025439324,14.515166470351991,15.309406172181871,18.818261213548432,15.887466470380405,0.6201588669548864,230,0.6718117896939667,0.48390617304378086,0.5298424410693189,0.7281706663114684,0.6034327675296337,29.212411166736914,159,45.09015655517578,34.0286270709748,18.576268247195653,32.56501729111541,160.0191807965048,153,125.41206953260634,191.18359858194987,113.8463363647461,143.48066815976742,0.3688752481759864,157,0.43473588426907855,0.2840049949755548,0.4977202047760199,0.40548702800688446,230,159,False
68,43.9,0.0002,0.12470282035924139,13.04499219712757,0.07716391244498284,230,0.06900123971134005,0.10748025195466147,0.09778916122431451,0.04801979321720345,0.08057261152687988,25.639194989010043,230,5.520099176907204,53.740125977330734,39.1156644897258,24.009896608601725,30.596446563141367,16.020931596997116,230,14.915881985769513,14.492937500001078,15.327610699819427,18.83133576851188,15.891941488525475,0.6218843050625014,230,0.6725850814664868,0.486942771408293,0.5322909894141745,0.7296787755829948,0.6053744044679873,29.174018116117274,159,45.176384396023224,33.95900624863645,18.570264884403773,32.56855184302115,159.4060435824924,153,125.2137680053711,190.38678758409287,113.4701828426785,143.02357947738082,0.37035481614553056,157,0.4304905848370658,0.2874808166196327,0.4968402811126517,0.4049372275231167,230,159,False
69,44.0,0.0002,0.12261153069280442,12.479981549580891,0.0767723771541015,230,0.06874918580894739,0.10702046751976013,0.09723477414313783,0.047735742426344326,0.08018504247454741,25.498764238927674,230,5.499934864715791,53.510233759880066,38.89390965725513,23.86787121317216,30.442987373755788,16.057534900181178,230,14.94496482717007,14.518978091871425,15.366780596400131,18.87486331114536,15.926396706646747,0.6268632132074107,230,0.6744677806404275,0.49364139636357623,0.5401801958363107,0.7334217077919415,0.6104277701580639,28.974237418024796,159,44.9644652472602,33.72709241826484,18.42637276649475,32.37264347733993,159.3053614049176,153,124.48865763346355,190.33629803127712,113.3899176562274,142.73829110698935,0.3706436800525691,156,0.42859533263577354,0.2858358830284408,0.5030209973793138,0.4058174043478427,230,159,False
70,44.0,0.0002,0.12297389645661627,12.565780603317988,0.07647371513202139,230,0.06858514160127707,0.10665695783164766,0.09683887161155964,0.04744005133397877,0.07988025559461578,25.386882280363984,230,5.486811328102165,53.32847891582383,38.735548644623854,23.720025666989386,30.31771613888481,16.086528102689783,230,14.964981450049883,14.531849967710075,15.395427115162747,18.918410395186054,15.95266723202719,0.6306071479683337,230,0.675856716616053,0.49920669860310024,0.5459943175949948,0.7363837680646351,0.6143603752196958,28.840857355849547,159,44.847024281819664,33.5799419829186,18.31354561873845,32.24683729449224,158.8653917499617,153,123.61097462972005,190.10304455227322,112.67837326614945,142.13079748271423,0.3703916620825811,156,0.4282017234298918,0.2849662885887285,0.5038251858881929,0.40566439930227105,230,159,True
71,44.0,0.0002,0.12263699879958516,12.728477278209867,0.07637041293732498,230,0.06853940398235556,0.10585142092572318,0.09678250166805501,0.04729784549480038,0.07961779301773353,25.343464979820926,230,5.483152318588445,52.92571046286159,38.713000667222005,23.64892274740019,30.192696549018056,16.096743208317154,230,14.968319211479793,14.56786532434982,15.401911476814481,18.939460842110197,15.969389213688572,0.6321603235991105,230,0.6763505721595925,0.5023757815361023,0.5484384643904706,0.7375247521059853,0.6161723925480377,28.778867967473637,159,44.365731133355034,33.544452281708416,18.274462716920034,32.061548710661164,158.9199140960095,153,124.10612063937717,190.34466637505426,112.34762587370696,142.26613762937947,0.3697122039015178,156,0.42343676421377396,0.28450120740403095,0.503455669991672,0.4037978805364923,230,159,True
72,43.9,0.0002,0.12270657402418908,12.824299580710274,0.07633021125650924,230,0.06858254696281862,0.10534718632698059,0.09672109540948208,0.04726214480719396,0.07947824337661881,25.320280205296434,230,5.48660375702549,52.673593163490295,38.68843816379283,23.63107240359698,30.1199268719764,16.098079706852037,230,14.958391760798182,14.604471201803603,15.40623835672687,18.94439055733462,15.97837296916582,0.6315012686926386,230,0.6762655255660205,0.5021697050995297,0.5471002716333309,0.7372051179409027,0.6156851550599459,28.752828076200664,159,44.09394624498155,33.51377003243629,18.29571008682251,31.967808788080116,158.70598921432995,153,124.38365597195096,190.19738133748373,111.94072454947012,142.17392061963494,0.3714988096128969,155,0.4222958203819063,0.2859232906126775,0.5047751574692401,0.4043314228212746,230,159,True
73,44.0,0.0002,0.1222547850970711,12.838157799130395,0.07644488634136708,230,0.06867607995133165,0.10521698163615333,0.09691262328402793,0.04731397783117635,0.07952991567567232,25.357663331472356,230,5.494086396106532,52.60849081807666,38.76504931361117,23.656988915588176,30.131153860845636,16.08867800155703,230,14.954323096348409,14.607402818624855,15.39329429272418,18.932191279172933,15.971802871717594,0.6308217651170233,230,0.6761188779918241,0.5016301307413313,0.5458756428449711,0.7367425720606532,0.6150918059096949,28.811420836538638,159,43.94867706298828,33.595288581036506,18.348583800452097,31.964183148158963,158.88078791799109,153,125.21219889322917,190.3885619269477,111.97926274052372,142.5266745202335,0.37139078302369,155,0.4193865441613727,0.28535397222859193,0.505888745425777,0.4035430872719139,230,159,False
74,43.7,0.0002,0.12179206191074281,12.812350845336914,0.07647830050276673,230,0.06872058783093808,0.10502024657196468,0.09697463795384194,0.04732230701483786,0.07950944484289564,25.36606535623255,230,5.497647026475047,52.510123285982345,38.78985518153677,23.66115350741893,30.114694750353273,16.086736179803495,230,14.948985939561931,14.635661449527293,15.391861871694822,18.928845547515134,15.976338702074795,0.6296032391164614,230,0.6756662252083631,0.498790270752377,0.5438456839703499,0.7361756478037152,0.6136194569337013,28.831203628636008,159,43.68028004964193,33.629764617757594,18.390017543520248,31.900020736973257,158.791474410911,153,126.82327016194661,190.29927571614584,111.60650627701371,142.90968405170204,0.3695820679109042,156,0.4137340883413951,0.2826045829493998,0.5078468030487949,0.40139515811319654,230,159,False
75,44.2,0.0002,0.12189109669554801,12.827163058235532,0.07647781376929387,230,0.06866194166138138,0.10467642545700073,0.09700737742984548,0.04739496431180409,0.07943517721500792,25.372087544721104,230,5.492955332910511,52.338212728500366,38.802950971938195,23.697482155902044,30.08290029731278,16.083346447260872,230,14.952054445618073,14.651486176131316,15.391573259240095,18.90897420138155,15.976022020592758,0.62843975411809,230,0.6753628656897747,0.4971441957685683,0.5419345830983304,0.7352541323219027,0.612423944219644,28.839005998095626,159,43.38832473754883,33.64111411317866,18.440041150365555,31.82316000036435,159.03266131332498,153,128.64373524983725,190.42099889119467,111.78358636079011,143.61610683394068,0.37210451543871914,155,0.40961017376846737,0.2859018221344021,0.5085935002700849,0.40136849872431807,230,159,False
76,43.7,0.0002,0.12259465530514717,12.904334318070184,0.07649366152675255,230,0.06868880105690217,0.10369353824191624,0.09705096835944246,0.04751079296693206,0.07923602515629824,25.37474750209114,230,5.495104084552174,51.846769120958115,38.820387343776986,23.75539648346603,29.979414258188324,16.07398928600991,230,14.943233753852079,14.715882888482021,15.382256819962615,18.887015217606375,15.982097169975773,0.6271404769109643,230,0.6748726334370357,0.49598395824432373,0.5399022286242627,0.7341372785823685,0.6112240247219977,28.82361730539574,159,42.631520165337456,33.64345331394926,18.514051045690262,31.59634150832566,159.42997300391104,153,130.898929172092,190.77378302680123,111.94546360439725,144.53939193443014,0.37083088917237134,155,0.4064590748813417,0.2839993638252573,0.5086675279943104,0.3997086555669698,230,159,False
77,43.9,0.0002,0.12172438456189065,12.834318819500151,0.07644908283229755,230,0.06874752886803218,0.10352431817187203,0.09683586633268823,0.04764150362461805,0.07918730424930262,25.353635092792302,230,5.499802309442574,51.76215908593602,38.73434653307529,23.820751812309027,29.95426493519073,16.071213930330092,230,14.937663391747982,14.728406123075438,15.392142691676897,18.86407205422333,15.980571065180913,0.6259849776392398,230,0.6745735041692223,0.4938052230411106,0.5382397482369808,0.732911477131503,0.6098824881447041,28.773230816583215,159,42.5102530585395,33.53345824302511,18.575113347598485,31.539608216387695,159.56078844756084,153,131.10698784722223,191.0148405287001,111.87966841238516,144.66716559610248,0.36714795193312544,156,0.4057020064857271,0.2776276887870272,0.5105820922689004,0.3979705958472182,230,159,False
78,43.9,0.0002,0.12062078267335892,12.71589317094712,0.07645067553157392,230,0.06875081987343204,0.10324589742554559,0.09681887029016271,0.04771714780612716,0.07913318384881687,25.35469937729447,230,5.500065589874563,51.622948712772796,38.72754811606509,23.85857390306358,29.927284080444007,16.06967302053871,230,14.938543668155281,14.74448173248682,15.395444186172023,18.8485018784344,15.981742866312132,0.6252611634523972,230,0.6745663801549187,0.4921544955836402,0.5370958047978421,0.732133187353611,0.608987466972503,28.760903736330427,159,42.39538913302951,33.525333850941756,18.5722108909062,31.497644624959154,159.51615915734783,153,130.63858286539713,190.62855673895942,112.47509256998698,144.5807440581145,0.36218593739189764,158,0.4087756954961353,0.2751187967625947,0.4992919419559517,0.39439547807156056,230,159,False
79,44.0,0.0002,0.12107818350195884,12.765905866168794,0.07653430714879347,230,0.06875134508689525,0.10388628724548551,0.09688794723850616,0.047841098525428345,0.07934166952407881,25.39362394599163,230,5.5001076069516195,51.94314362274276,38.75517889540246,23.92054926271417,30.029744846952752,16.06023439444805,230,14.939029401425444,14.703429791332256,15.389184269869155,18.82622560235988,15.964467266246684,0.6244706511497498,230,0.674464721914748,0.4905340042379167,0.535834511860888,0.7313929349184036,0.6080565432329891,28.829500168374498,159,42.85045454237196,33.580448962272484,18.601325597081864,31.67740970057544,159.17698367748386,153,129.48621283637152,189.9216311984592,112.88436628271032,144.09740343918034,0.36307626336671506,158,0.4083339108361138,0.27773195733466455,0.49753522111235987,0.3945336964277127,230,159,False
80,44.1,0.0002,0.11997097535502343,12.661536214465187,0.07644730937545714,230,0.06875656589760747,0.103943289981948,0.09662434296246539,0.04791048445206668,0.07930867082352189,25.36022156201627,230,5.5005252718085975,51.971644990974,38.64973718498616,23.955242226033338,30.019287418450524,16.061798148662223,230,14.934069321158743,14.718992864332453,15.405157363052588,18.809623651501887,15.966960800011417,0.6238617211580276,230,0.6742722207391766,0.48893002337879604,0.5351766335203293,0.7304981148668698,0.6072192481262929,28.80874861111431,159,42.7438841925727,33.51870658549856,18.663172364234924,31.641921047435392,158.76367638781178,153,130.85951317681207,188.9758514404297,113.06074516861527,144.29870326195234,0.3649311586370827,158,0.4028768456644482,0.2809450758730001,0.49830963209803614,0.3940438512118281,230,159,False
81,43.6,0.0002,0.12001345322600433,12.65641887074425,0.07644217567437368,230,0.06873127495424008,0.10426458633608288,0.09658351421673247,0.04793836196352329,0.07937943436764468,25.36260239034891,230,5.498501996339207,52.13229316804144,38.63340568669299,23.969180981761642,30.05834545820882,16.05948208209462,230,14.939488098222451,14.701636858224967,15.4014285036987,18.802289514933314,15.961210743769858,0.6234004222828409,230,0.6742910763747255,0.4877968695428636,0.5344923110084331,0.729910386460168,0.6066226608465476,28.85340648627131,159,42.968841552734375,33.542699326860145,18.713541439601354,31.741694106398626,158.23455274494646,153,130.54414791531033,188.2216646830241,112.87110031975641,143.87897097269695,0.3723471359122553,156,0.40367068350315094,0.2877077863449813,0.5088000128553672,0.4000594942344999,230,159,False
82,43.8,0.0002,0.11932131935443197,12.589045906066895,0.07641814501713151,230,0.06875344077256364,0.10405610584550434,0.09653941319977984,0.047919094030346186,0.0793170134620485,25.349515604584113,230,5.500275261805091,52.02805292275217,38.61576527991193,23.959547015173094,30.02591011991057,16.05635199689851,230,14.93713323324232,14.70496545757021,15.399549141299321,18.795039130824723,15.959171740734144,0.6228950527699098,230,0.6741522307127294,0.48731716142760384,0.5335493607723967,0.7296707034111023,0.6061723640809581,28.839174024713863,159,42.77944310506185,33.53124539395596,18.72279669557299,31.677828398196937,158.21619988734426,153,131.21190897623697,188.26641972859701,112.63321530377424,144.03718133620274,0.3705288437821689,157,0.40084422131379444,0.28936805028491147,0.49899231885293766,0.39640153015054785,230,159,False
83,44.0,0.0002,0.11957173333281562,12.621000512440999,0.07649844045062427,230,0.0687714713874837,0.10412955698039797,0.09670210110538817,0.04794113068575306,0.07938606503975572,25.38067662894078,230,5.5017177109986966,52.06477849019898,38.68084044215527,23.97056534287653,30.05447549655737,16.04773597188686,230,14.933610178635961,14.686659232152003,15.387363097079694,18.78751583278509,15.948787085163186,0.622458510943081,230,0.6740909113850392,0.48695428835021126,0.53278142562572,0.7293028607964516,0.6057823715393555,28.866135459276116,159,42.85067494710287,33.55394564283655,18.749795947756088,31.718138845898505,158.6015488369013,153,131.1570807562934,189.01856486002603,112.48060014512804,144.21874858714915,0.3688414031365341,157,0.4000502824783325,0.2860218156167083,0.49988644131060156,0.39531951313521413,230,159,False
84,44.0,0.0002,0.1187074651675565,12.535021123431978,0.07661619177493065,230,0.06886131552533364,0.10423428234126833,0.0968964401077717,0.047967799905953665,0.07948995947008183,25.419961252776176,230,5.5089052420266915,52.11714117063416,38.758576043108675,23.98389995297683,30.09213060218659,16.033960389654446,230,14.925063289598954,14.676998234070501,15.36709143062439,18.777353883458385,15.936626709438057,0.6219578754642735,230,0.6740017113551288,0.4857728083928426,0.5318417774235948,0.7291269195931298,0.605185804191174,28.902775662500154,159,42.85278023613824,33.586805607410184,18.798331805637904,31.745972549728776,159.0687735813116,153,132.13488939073352,190.00787014431424,111.99259334140353,144.71178429215044,0.36766042454304637,157,0.3986752993530697,0.28237643250537553,0.5027853065818947,0.3946123461467799,230,159,False
85,44.0,0.0002,0.11874819947850136,12.543027725673857,0.07664209583207317,230,0.06894321928561574,0.10391136755545934,0.09687879340762788,0.048051867567534955,0.07944631195405948,25.423015493737616,230,5.5154575428492585,51.95568377772967,38.75151736305115,24.025933783767478,30.06214811684939,16.03013041085157,230,14.919117562660919,14.702912320127044,15.36588288001334,18.767025820438175,15.93873464580987,0.6215015516332958,230,0.6739376401397544,0.48406022787094116,0.531356894589485,0.7284231122050967,0.6044444687013193,28.88965399160325,159,42.5568970574273,33.53280388040746,18.899274042674474,31.66299166016974,159.41658690708135,153,133.8949406941732,190.8262166341146,111.320811730844,145.3473230197106,0.3668031116701354,157,0.39519016444683075,0.27925540628063533,0.506069279899488,0.3935049502089847,230,159,False
86,43.8,0.0002,0.11806502111610911,12.470812747592017,0.07671726984174355,230,0.06891926364894484,0.10395721097787221,0.09708291375415122,0.048040992014908364,0.07950009509896916,25.455366089130226,230,5.513541091915587,51.978605488936104,38.83316550166049,24.02049600745418,30.08645202249159,16.026356518062443,230,14.925856944713356,14.701985206557872,15.350325023985405,18.769245302965437,15.936853119555519,0.6211389156787291,230,0.6741556688933306,0.4832402732637193,0.530585231933188,0.728084354528359,0.6040163821546491,28.929010463210773,159,42.540060679117836,33.59959084936913,18.901617458888463,31.68042299579181,159.48087410521663,153,134.6279771592882,191.07133297390408,110.97225881505895,145.55718964941707,0.366725572938052,157,0.3938778390487035,0.27843382244210935,0.5074125488421747,0.3932414034443292,230,159,False
87,44.0,0.0002,0.11728404515555926,12.256063434055873,0.07656212325977242,230,0.06885050822206785,0.1044709872868326,0.09680218748906826,0.04787960279333804,0.07950082144782669,25.398180249106623,230,5.508040657765429,52.2354936434163,38.720874995627305,23.939801396669022,30.101052673369512,16.045923991256302,230,14.939165554883457,14.672273635888903,15.37254537144528,18.8002149277387,15.946049872489086,0.6233166479546091,230,0.6748980418057509,0.4847337272432115,0.5342447193379097,0.7297046588999885,0.6058952868217151,28.857810578256284,159,42.78690168592665,33.50662418121987,18.81584095954895,31.703122275565153,158.9869728587032,153,134.704466925727,190.5473072475857,110.43349986606174,145.2284246797915,0.3692687543979189,156,0.3931468112601174,0.28178942632211557,0.5075851176682461,0.39417378508349304,230,159,False
88,43.6,0.0002,0.11775838743363108,12.382239779971895,0.0767104354808512,230,0.0689570041189731,0.10484070165289773,0.09701016061800591,0.04794520455678659,0.07968826773666583,25.450029163742844,230,5.516560329517848,52.42035082644887,38.80406424720237,23.972602278393293,30.178394420390596,16.035394231527505,230,14.92974718053287,14.648277620706232,15.361341437491301,18.791571959338466,15.932734549517217,0.6227108034102813,230,0.6746815955135185,0.4838427073425717,0.5332782040251062,0.7292563564011029,0.6052647158205748,28.920378840944302,159,42.96417151557075,33.58703243986089,18.830029334340775,31.793744429924136,159.24561883265676,153,134.83907996283637,190.83993123372395,110.65618797584817,145.44506639080282,0.3682656198708663,156,0.3936706980069478,0.28100830884931793,0.5059757912947264,0.393551599383664,230,159,False
89,43.8,0.0002,0.11809186640949476,12.461070528484527,0.07681963045312011,230,0.06902222369443363,0.10511989891529083,0.09711499345746447,0.048090154404885004,0.07983681761801849,25.49188631756798,230,5.52177789555469,52.559949457645416,38.845997382985786,24.045077202442503,30.2432004846571,16.02826410310609,230,14.927764829274652,14.631910256634361,15.36130798880673,18.76748745675641,15.922117632868039,0.6220307429199633,230,0.6744743111267896,0.48260533809661865,0.5322461698917632,0.7286572637302535,0.6044957707113563,28.978282106747418,159,43.12640253702799,33.651532700721255,18.86009211199624,31.87934244991516,159.29646892173616,153,134.50659942626953,190.62962426079645,111.20618827254684,145.44747065320428,0.36835365291708744,156,0.3937021361456977,0.2828545777464879,0.503215786693285,0.3932575001951569,230,159,False
90,44.2,0.0002,0.11756323554686138,12.415056682768322,0.07699220872929563,230,0.0691402982133375,0.10463228407833311,0.09745639114779361,0.04815456267845418,0.0798458840294796,25.548914062426142,230,5.531223857067,52.31614203916656,38.98255645911744,24.07728133922709,30.22680092364452,16.016241266606205,230,14.916578093355678,14.680085588284628,15.343084385856088,18.755138287966783,15.923721588865794,0.6211744352527286,230,0.6739999068454957,0.48226819104618496,0.5309141088039318,0.7280319066984313,0.6038035283485109,29.057459735270566,159,42.81461037529839,33.79413625027271,18.89563923222678,31.83479528593263,159.37681998458564,153,135.1706280178494,190.55784589979385,111.442808787028,145.72376090155709,0.3688407465196155,156,0.3916975094212426,0.28386684202788665,0.503249932995199,0.3929380948147761,230,159,False
91,43.8,0.0002,0.11664514655158634,12.322607258387974,0.07700864450763101,230,0.0690761214830506,0.10455982635418574,0.09756083318844755,0.04813976525994284,0.07983413657140669,25.56118410339822,230,5.526089718644048,52.27991317709287,39.02433327537902,24.06988262997142,30.22505470027184,16.01763233452953,230,14.919297680434918,14.699330176103055,15.342099687737072,18.755963560691075,15.92917277624153,0.6210036729988845,230,0.6739044357353533,0.48259397347768146,0.5307278598242617,0.7277118797813144,0.6037345372046528,29.092149536564666,159,42.871583726671005,33.84106692862004,18.906200562204635,31.87295040583189,159.0962716894212,153,134.02376471625433,190.26301227145726,111.33045521488896,145.20574406753352,0.36807307560526276,157,0.3975159890121884,0.2814158097842111,0.5057066869423059,0.3948794952462351,230,159,False
92,44.1,0.0002,0.11620873099281674,12.28195539202009,0.07709651463057683,230,0.06912491491562883,0.10467800001303355,0.0977710439090399,0.048066951400999515,0.07991022755967545,25.590201769510042,230,5.529993193250307,52.33900000651678,39.10841756361596,24.033475700499757,30.2527216159707,16.01061826265071,230,14.909991368292989,14.689526633213255,15.331178747440129,18.758861987545888,15.922389684123065,0.6202856333359428,230,0.6735983709214439,0.48052068882518345,0.5296045284956059,0.72736963310412,0.6027733053365883,29.137784687977916,159,42.80452134874132,33.937574203978194,18.884555322783335,31.875550291834283,159.10081225127178,153,135.09640333387586,190.14453167385525,111.36201469986527,145.5343165691988,0.36753465977786226,158,0.39785556660758126,0.27987851066044184,0.5082334759645164,0.39532251774417987,230,159,False
93,43.8,0.0002,0.11660039176543553,12.32641185805911,0.07721971279901008,230,0.06917382257295326,0.10522578242752287,0.0979826994081761,0.04806762062279241,0.08011248125786116,25.636809601407982,230,5.533905805836262,52.612891213761436,39.19307976327044,24.033810311396206,30.343421773566085,15.998981745665036,230,14.908088036902793,14.627730886328123,15.31055366007924,18.758034443901042,15.901101756802799,0.6198734963717668,230,0.6733999344664561,0.4793226420879364,0.5290790257301736,0.7270031539457185,0.6022011890575711,29.242246381891597,159,43.235572814941406,34.04913703431475,18.9246096100126,32.069773153089585,158.77458794288387,153,134.22250111897787,189.81562864515516,111.13153457641602,145.056554780183,0.3703800255948121,158,0.40394101705816055,0.2829440586323354,0.510192454243744,0.39902584331141333,230,159,False
94,44.1,0.0002,0.11572143250987643,12.232504794711158,0.07732120479416588,230,0.06915522854722722,0.10543273968829049,0.09819302046077048,0.048121737416035364,0.08022568152808089,25.68137062486747,230,5.532418283778177,52.71636984414525,39.27720818430819,24.060868708017683,30.396716255062326,15.988003964666076,230,14.906848552694596,14.609191177596061,15.287889958778743,18.755540855505625,15.889867636143757,0.6192248437715613,230,0.67329184312216,0.47760163413153756,0.5280366441670884,0.72650239190885,0.601358128332409,29.288696163105516,159,43.363049825032554,34.09411783421293,18.96050294807979,32.139223535775095,159.25218868878932,153,134.3953823513455,190.5651353624132,111.20674528899016,145.38908766758297,0.3681265894062758,158,0.40716510514418286,0.279293638858093,0.5093786922516301,0.39861247875130196,230,159,False
95,44.1,0.0002,0.11591324923293932,12.261698230107624,0.07743188644070988,230,0.06916325557714617,0.1055965017941263,0.09845839044515123,0.04809438423918826,0.08032813301390299,25.724825170377027,230,5.533060446171693,52.79825089706315,39.38335617806049,24.047192119594133,30.440464910222367,15.977363610192027,230,14.900558940147672,14.604726441622047,15.266759524506925,18.756000219918423,15.882011281548767,0.6189266854006311,230,0.6731324065739,0.4775845342212253,0.5274083202189588,0.7265373904790197,0.601165662873276,29.358486199528915,159,43.54898579915365,34.17400552871379,18.99467703274318,32.23922278687021,159.50586633121267,153,133.26922776963977,191.20032221476237,111.05454628555863,145.17469875665358,0.3682113401179167,158,0.4113865014579561,0.2780663285264245,0.5109775834384241,0.4001434711409349,230,159,False
96,43.7,0.0002,0.11615733619601953,12.284667948314121,0.07749209161037984,230,0.06919039355617174,0.10613665729761124,0.09854516898222426,0.04807477371234979,0.08048674838708926,25.74786265615536,230,5.535231484493739,53.06832864880562,39.418067592889706,24.037386856174894,30.51475364559099,15.974296721227766,230,14.896857455906819,14.557338660693237,15.264880508262703,18.75886697839409,15.869485900814212,0.6188391614219416,230,0.6731345309338099,0.47753397292561,0.527361532475086,0.7262618861028126,0.6010729806093297,29.42413841703403,159,43.93809678819444,34.2390702836057,19.009330902780807,32.39549932486032,159.046499239853,153,132.09188842773438,190.6714145236545,110.83074223553693,144.53134839564194,0.3708862189746527,158,0.41177697479724884,0.2817366751873495,0.5123664112927925,0.4019600204257969,230,159,False
97,43.8,0.0002,0.11526369729212352,12.198632144927979,0.07758008527528981,230,0.06918465708133201,0.10666743086444007,0.09869710260883291,0.048103114955925515,0.08066307637763262,25.786393773782514,230,5.53477256650656,53.33371543222003,39.478841043533166,24.051557477962756,30.59972163005563,15.975850373670216,230,14.907698043646453,14.519768681859059,15.266236375753426,18.75526584620889,15.862242236866956,0.6187699092471082,230,0.6734634910670805,0.47645992371771073,0.5272014559583461,0.7260016979915755,0.6007816421836782,29.50442202586048,159,44.20440377129449,34.33374425198169,19.035562651497976,32.52457022492472,158.53900121551712,153,132.13116455078125,189.98311047024197,110.53345856843171,144.21591119648497,0.372118844249495,158,0.4070828441116545,0.28348186022228994,0.5137003356025421,0.4014216799788288,230,159,False
98,44.0,0.0002,0.11517725452071144,12.179577995481946,0.07759457751298728,230,0.06912495355895708,0.10660142699877422,0.09874211909606102,0.04817337655861463,0.08066046905310173,25.7995407798368,230,5.529996284716566,53.30071349938711,39.496847638424406,24.086688279307314,30.60356142545885,15.974802882013138,230,14.916262731978533,14.518398378863573,15.266000642104562,18.74072077008831,15.860345630758744,0.6181700414937475,230,0.6737001827904876,0.47583866450521684,0.5258921692346005,0.72553544065782,0.6002416142970313,29.539699650410586,159,44.16493479410807,34.37080604472059,19.07985826901027,32.53853303594631,158.39495550417433,153,131.67116122775607,189.6077414618598,110.82761128743489,144.03550465901694,0.37326199794924947,158,0.4052908834483888,0.28575973895939205,0.5134307500307581,0.40149379081284636,230,159,False
99,44.1,0.0002,0.11501230308342547,12.176883972258794,0.07765516233023094,230,0.06909407360453002,0.10689960585700141,0.09889073788802674,0.04816396956864212,0.08076209672955006,25.82776285626966,230,5.527525888362401,53.4498029285007,39.5562951552107,24.08198478432106,30.653902189098716,15.971374558397306,230,14.919441642164745,14.49062198694346,15.25659706916831,18.742858383095914,15.852379770343108,0.6180771170750908,230,0.673881473255829,0.47538187106450397,0.5256099903837164,0.7254710069724492,0.6000860854191247,29.620815588993096,159,44.434669494628906,34.47061828856773,19.0992773941585,32.66818839245171,157.9748775756437,153,130.47220187717014,189.10284686618382,110.67870804115579,143.4179189281699,0.3757847520379833,158,0.40696772270732456,0.28934040405632305,0.5143325667928106,0.40354689785215275,230,159,False
100,44.1,0.0002,0.11459074318408966,12.124335516066779,0.07757398483707853,230,0.06903487708891781,0.10654056155019337,0.09874725373501474,0.04820416668163879,0.08063171476394118,25.80071320157984,230,5.522790167113425,53.27028077509668,39.49890149400589,24.102083340819394,30.598513944258848,15.975642610530095,230,14.922969527396678,14.519438585937117,15.266545453861987,18.734584715005298,15.860884570550269,0.6180818565513777,230,0.6740321579953314,0.47531035873625016,0.5256504781068639,0.7252429574728012,0.6000589880778117,29.600033484165024,159,44.202378590901695,34.446792054683605,19.117597562926157,32.58892273617048,157.77415261860767,153,130.87279086642795,188.4753650241428,111.08902556807907,143.4790604862166,0.3772771171164475,158,0.4092613243394428,0.29195705355615703,0.5138290465110913,0.4050158081355637,230,159,False
101,44.0,0.00019800000000000002,0.11424206623009273,12.098270504815238,0.07748585419486398,230,0.06907123928023896,0.10637578782108095,0.09847278159825092,0.04828330205886492,0.08055077768960894,25.763151000213362,230,5.525699142419117,53.187893910540474,39.389112639300365,24.14165102943246,30.561089180423103,15.976705065379376,230,14.917342914329067,14.53598193830928,15.282896114199028,18.715977606078578,15.863049643228988,0.6179690021535624,230,0.6739305522240383,0.47524359159999424,0.5256264697998128,0.7249593000326838,0.5999399784141323,29.536975146839453,159,43.91914579603407,34.3456213525001,19.153898733002798,32.472888627178996,157.97567666745653,153,132.7801979912652,188.3281751844618,111.5874255851463,144.2319329202911,0.3779157150177214,158,0.40556994246111977,0.29397718505733594,0.512869201434244,0.40413877631756656,230,159,False
102,44.1,0.000196,0.11343898794480732,12.010213599886214,0.077434192136254,230,0.06909717210161855,0.10617041918966505,0.09832233142979602,0.04832378651813737,0.08047842730980424,25.740106557212446,230,5.527773768129483,53.08520959483253,39.32893257191841,24.161893259068684,30.525952298487276,15.977909059458106,230,14.91386234107367,14.565348644228367,15.291667919298702,18.70589170083929,15.869192651360008,0.6179288049107012,230,0.6738381209507794,0.4736809531847636,0.5257875301102375,0.724892180945192,0.5995496962977431,29.514893711737866,159,43.70453813340929,34.31858681617899,19.171073147228785,32.398066032272354,157.91594885533152,153,134.05525970458984,187.97048161824543,111.80184244226527,144.60919458836685,0.3788920527963628,158,0.4046296659443114,0.295931352274893,0.5125296711921692,0.4043635631371245,230,159,False
103,44.0,0.000194,0.11440222832773413,12.111708865846907,0.0772579667036948,230,0.06913945540575914,0.10594823045863046,0.09787820921616351,0.04832759406417608,0.0803233722861823,25.664662800405335,230,5.531156432460731,52.97411522931523,39.151283686465405,24.16379703208804,30.455088095082353,15.991276858348165,230,14.910751033884218,14.595883645478759,15.325829514150971,18.7024897656214,15.883738489783838,0.6181768728339154,230,0.6738825583122146,0.4730192356639438,0.5264650266221229,0.7248238122888974,0.5995476582217947,29.41133079888686,159,43.474377950032554,34.150098962986725,19.196837374142238,32.27377142905384,157.94773186577692,153,134.8851318359375,187.8161882188585,112.01073794894748,144.90401933458116,0.37888824673298793,158,0.40336616999573177,0.29675053346461505,0.5113615686007377,0.4038260906870281,230,159,False
104,43.9,0.000192,0.11362921829734529,12.039469930103847,0.07740240529503511,230,0.06915452417878198,0.10615691790978114,0.09823134133314833,0.04827542240465326,0.08045455145659118,25.720496040809415,230,5.532361934302559,53.07845895489057,39.29253653325933,24.13771120232663,30.51026715619477,15.98210624953257,230,14.906993657547666,14.589231964448109,15.306184423185488,18.703633290127467,15.876510833827183,0.617991016999535,230,0.6738648918313039,0.4724929862552219,0.5261317307644702,0.7247269111020225,0.5993041299882547,29.489741571294438,159,43.456400553385414,34.2976284230009,19.17471844809396,32.30958247482676,158.20936564526528,153,135.97447882758246,188.0657607184516,112.1545216595685,145.39825373520085,0.37931720666731766,158,0.3983580983347363,0.29732592435057964,0.5124211572110653,0.40270172663212705,230,159,False
105,44.3,0.00019,0.11248131550493695,11.925730271566481,0.07752879585098961,230,0.06916608433173575,0.10666019221146901,0.09848409316482697,0.04827472447816815,0.08064627354654996,25.77186266235683,230,5.53328674653886,53.330096105734505,39.393637265930785,24.137362239084073,30.598595589322056,15.97459250572013,230,14.910063335526445,14.560188894038097,15.287073053883933,18.70562879253249,15.865738518995242,0.6178946961527285,230,0.6738950316335114,0.4721934696038564,0.5260489833481768,0.7244801287140165,0.5991544033248902,29.556045778142582,159,43.65695232815213,34.40045571834483,19.158140540122986,32.40518286220665,158.39722118502348,153,136.81830173068576,188.3380032857259,112.09240425957574,145.74956975866246,0.37852517144070774,158,0.39572707315286,0.2964439979223635,0.5120739575442192,0.4014150095398142,230,159,False
106,43.8,0.000188,0.11330336804191271,12.006955569131033,0.07750865686684846,230,0.06919272705702714,0.10707461999522315,0.09837559555122193,0.048273748152756264,0.08072917268905712,25.762773133328427,230,5.535418164562172,53.53730999761157,39.35023822048877,24.13687407637813,30.63996011476016,15.97316596197371,230,14.911635940487235,14.5172448263524,15.28646522714007,18.705697940911097,15.855260983722701,0.6182491986647897,230,0.6740049148949099,0.4722241428163316,0.5268205892532429,0.7244966796466282,0.5993865816527781,29.542900445326318,159,43.92693667941623,34.3551021129527,19.15355610847473,32.47853163361455,158.52640710469166,153,136.6459172566732,188.5388446384006,112.15242618984647,145.77906269497342,0.3772252521601423,158,0.3956293976969189,0.29484663524674953,0.5110747890014734,0.4005169406483806,230,159,False
107,44.0,0.000186,0.11227962435001419,11.915669706889561,0.07758362580738638,230,0.06927073838740168,0.10739381362994511,0.09848916376049215,0.04824081775067108,0.0808486333821275,25.785501781689085,230,5.541659070992134,53.69690681497256,39.395665504196856,24.12040887533554,30.688660066374272,15.963450362694273,230,14.902177024038895,14.484382765892645,15.271479032238094,18.708223942669765,15.84156569120985,0.6182481360176335,230,0.6739059497772808,0.4717596405082279,0.526862751613272,0.7246216684579849,0.5992875025891914,29.566534576176096,159,44.12779278225369,34.38727869886033,19.134369015693665,32.5498134989359,159.01294072469076,153,136.39962514241537,189.04481404622396,112.72870445251465,146.05771454705132,0.37601163323167003,158,0.3981902731789483,0.29328856613206605,0.5098265882448426,0.400435142518619,230,159,False
108,44.1,0.00018400000000000003,0.11138431667571976,11.81817075638544,0.07763373953006837,230,0.0692514647323061,0.10748986651500066,0.09859054583184262,0.048285464090960364,0.08090433529252744,25.808914073135544,230,5.540117178584488,53.74493325750033,39.43621833273705,24.142732045480184,30.71600020357551,15.958003562520744,230,14.904801933626858,14.474442755501153,15.259755048554773,18.70380219158224,15.835700482316255,0.6181264409552449,230,0.6739114816759674,0.47114745775858563,0.5268010639763893,0.7243167694125857,0.599044193205882,29.610125403734123,159,44.16178894042969,34.44161348139986,19.161467347826278,32.58828992321861,159.1616826774248,153,136.48748016357422,189.18118099636501,112.90821923149957,146.19229346381294,0.37659053986338026,158,0.39805463287565446,0.2933402769217488,0.5113958544430456,0.4009302547468163,230,159,False
109,44.0,0.000182,0.1115645302548295,11.833660884130568,0.07773323837343765,230,0.06919960113583316,0.10832823978530036,0.09876042818452449,0.0483399774613125,0.08115706164174263,25.85844470495763,230,5.535968090866653,54.16411989265018,39.504171273809796,24.16998873065625,30.843561996995717,15.948221107010701,230,14.908323935714813,14.41293983306985,15.244643129422725,18.694409687738293,15.81507914648642,0.6179951806431231,230,0.6738672949058909,0.4703897535800934,0.5267259900240188,0.7240814779485975,0.5987661291146501,29.662383289457118,159,44.59050157335069,34.49607278945598,19.149528333118983,32.74536756530855,159.7135973413006,153,136.9323493109809,189.8035146077474,113.36060990227594,146.6988246070014,0.3746366848037401,158,0.3962981005509694,0.2908057372476305,0.5103746380357604,0.3991594919447868,230,159,False
110,44.2,0.00018,0.11201580030222734,11.890698398862567,0.07772372695414917,230,0.06911046642967512,0.10881254822015762,0.09870025143027306,0.048437098473576565,0.08126509113842059,25.867704901520323,230,5.528837314374011,54.40627411007881,39.48010057210922,24.21854923678828,30.908440308337582,15.94693305561463,230,14.91643248193542,14.384848893813297,15.2474873041348,18.678579463231415,15.806837035778733,0.6179217767456303,230,0.6740288360857628,0.46954464581277633,0.526815452157183,0.723560838827065,0.5984874432206968,29.6824988659073,159,44.84879896375868,34.471273239622725,19.20675793715886,32.84227671351342,159.60587869282642,153,137.0751893785265,189.71157251993816,113.18483720002351,146.65719969949603,0.37427380735561533,158,0.3941691468159358,0.28953868756070733,0.5117971660303218,0.39850166680232163,230,159,False
111,43.8,0.00017800000000000002,0.1118072536729631,11.85978015718006,0.07768630467193283,230,0.06906639341212495,0.1089469004008505,0.09862349202182699,0.04844653193971941,0.08127082944363047,25.85784504659798,230,5.525311472969995,54.473450200425255,39.449396808730796,24.223265969859703,30.917856112996436,15.944032831024446,230,14.913924710895172,14.373650442826001,15.247774388511107,18.67116518136763,15.801628680899977,0.6179272288861481,230,0.6741292480851563,0.4700659182336595,0.5268613230040733,0.7232951500586101,0.5985879098453748,29.686496026860844,159,44.986901177300346,34.449253751876505,19.23287330354963,32.889676077575494,159.20507101919137,153,136.6357913547092,189.3384856330024,112.74425994025336,146.23951230932164,0.375008869353281,158,0.39621267053816056,0.28986983123906357,0.5129927324596792,0.39969174474563446,230,159,False
112,44.1,0.00017600000000000002,0.11121246637333007,11.804467360178629,0.07768648214962172,230,0.06905996413822744,0.10880461831887563,0.09863599599834452,0.048457290212224634,0.08123946716691806,25.858256322696157,230,5.524797131058196,54.40230915943781,39.45439839933781,24.228645106112317,30.902537448986536,15.940025695604342,230,14.913691753668909,14.379122031895037,15.241716779856773,18.664291426516332,15.799705497984263,0.6180247007504753,230,0.6743449568748474,0.4703209234608544,0.5270062780126612,0.7231376926813807,0.598702462757436,29.68742600327018,159,44.89108742607964,34.45025115317487,19.249238201550074,32.86352559360153,159.2156276328891,153,137.29299841986762,189.28569429185654,112.75262140344691,146.44377137172367,0.3747268592775947,158,0.3957018372085359,0.2890396996054508,0.5136577708513609,0.3994664358884492,230,159,False
113,43.7,0.000174,0.11042338061545576,11.719254046394711,0.07773601706747128,230,0.06903226686720278,0.10898044457038243,0.09873366835428045,0.048503645562699864,0.08131250633864139,25.882622966299888,230,5.522581349376222,54.490222285191216,39.49346734171218,24.251822781349933,30.939523439407388,15.934727009477843,230,14.918121552870623,14.358939853374316,15.232492725048429,18.65563941234229,15.791298385908915,0.6180202300133912,230,0.6744685055504382,0.4697500036822425,0.5271279104846589,0.7228502748267991,0.5985491736360347,29.734697563843156,159,44.993160247802734,34.50055528194346,19.28261203425271,32.92544252133297,159.24948509066712,153,137.47628190782336,189.130646387736,113.07641679269297,146.56111502941744,0.37642787998951854,158,0.39624133706092834,0.29204858902977,0.513373468304053,0.4005544647982504,230,159,False
114,43.8,0.000172,0.11025066143345265,11.70273864155724,0.07774885236083165,230,0.06901132624963639,0.10919321245617336,0.09873274658271607,0.04855026407832546,0.08137188734171281,25.891793281973705,230,5.520906099970912,54.596606228086685,39.493098633086426,24.27513203916273,30.971435750076687,15.932960431250999,230,14.920228525193089,14.343705121121202,15.23222656592202,18.648607689504637,15.786191975435237,0.6182007889384808,230,0.6745464075619066,0.4689365592267778,0.5277162311559028,0.7226362813796315,0.5984588698310547,29.748886546248908,159,45.02306238810221,34.50122015526954,19.31697687080928,32.94708647139368,159.36573439953375,153,138.4326163397895,189.14615372551813,113.22055519951715,146.93310842160827,0.3772116002385045,158,0.39459432827101815,0.2938101905077616,0.5129238601075485,0.40044279296210944,230,159,False
115,44.1,0.00017,0.11018891902196976,11.691788995833624,0.07781462578669839,230,0.06908990167291232,0.10957995884948307,0.09878310196577235,0.04857410174528403,0.08150676605836295,25.91243451785134,230,5.527192133832985,54.78997942474153,39.51324078630894,24.287050872642016,31.029365804381367,15.925757620295913,230,14.913194041324212,14.31467790979326,15.225231862090286,18.644349634096695,15.774363361826113,0.6181530326604843,230,0.6744809520076698,0.4683021671242184,0.5277589388350223,0.7225533957992282,0.5982738634415347,29.77230214772734,159,45.19291475084093,34.53380700375171,19.301463399614608,33.009395051402414,159.4964961880952,153,138.98649258083768,189.10472551981607,113.56778123643663,147.2196664456968,0.3765255131293088,158,0.39228909379906124,0.293607104724894,0.5116958659075733,0.3991973548105095,230,159,False
116,43.7,0.000168,0.10981509309439431,11.664373322895594,0.07773249301573505,230,0.06910531653065077,0.10941406670543882,0.0986098051863782,0.04853477914418493,0.08141599189166318,25.876452126580737,230,5.528425322452062,54.707033352719414,39.44392207455128,24.267389572092465,30.986692580453806,15.930617334271554,230,14.911900497655365,14.327009390847776,15.236513511963318,18.645030301906154,15.780113425593154,0.618420948282532,230,0.6744854181585177,0.46797096067004734,0.5283254546687958,0.7227503934076854,0.5983830567262616,29.71927083213374,159,45.107400258382164,34.46947881008716,19.272615211350576,32.949831426606636,159.45432313906602,153,138.92338222927518,189.0059583452013,113.62342128047237,147.1842539516496,0.3761834721080959,158,0.39003031452496845,0.2932804017377797,0.5116364000132307,0.3983157054253263,230,159,False
117,43.9,0.000166,0.10979624291261038,11.661076325461979,0.07765387168721012,230,0.06912787809548243,0.10933048278093338,0.09837450297113429,0.04859166998150093,0.08135613345726275,25.843833005622677,230,5.5302302476385945,54.66524139046669,39.34980118845372,24.295834990750468,30.960276954327366,15.931993749274538,230,14.913689250296645,14.345550340136887,15.241561192056718,18.636962865134254,15.784440911906126,0.6183763811121816,230,0.6743942709036277,0.4677208165327708,0.5285257170809076,0.7223869583436421,0.598256940715237,29.6758510541616,159,45.0171627468533,34.394153452934106,19.290275505610875,32.900530568466095,159.32198530708263,153,139.37926567925348,188.69479031032986,113.69109690630877,147.2550509652974,0.37642571360426896,158,0.387249242928293,0.29456589093071317,0.510631994760063,0.3974823762063564,230,159,False
118,44.1,0.00016400000000000003,0.1089589176433427,11.585534674780709,0.07768682606680238,230,0.06908408909196585,0.10962300582064523,0.09834748827555079,0.0487808699919177,0.08145886329501989,25.86709161378119,230,5.526727127357268,54.811502910322616,39.33899531022031,24.39043499595885,31.01691508596476,15.924999216691072,230,14.920444510008558,14.317173010583994,15.239234959216338,18.608136006549064,15.77124712158949,0.6181810540997463,230,0.6744411000063721,0.4673588209682041,0.5285383688008531,0.7215622908302716,0.5979751451514252,29.70474585047308,159,45.20444022284614,34.38261356759578,19.36158844402858,32.9828807448235,159.46203381407494,153,139.23855251736111,188.78947732713488,113.95354150842738,147.32719045097446,0.3759031695714574,158,0.38651464217238957,0.29529894304571935,0.5080583448122654,0.39662397667679145,230,159,False
119,43.8,0.000162,0.1080994427204132,11.490267578760783,0.07771301693890406,230,0.06911613587552393,0.11022848553127712,0.09832659018959136,0.04878557859254735,0.08161419754723494,25.876886210363843,230,5.5292908700419146,55.114242765638565,39.330636075836544,24.392789296273673,31.091739751947674,15.920000384144302,230,14.919060843614025,14.267739266471718,15.237797699821867,18.599716629912376,15.756078609954997,0.6180254471042882,230,0.6743981158229667,0.4667765465047624,0.5283579065444621,0.7213741870863097,0.5977266889896252,29.708453088436485,159,45.498314751519096,34.36175504643867,19.35989703450884,33.07332227748887,159.64454528708862,153,139.50858137342664,189.0288932800293,114.02662595113118,147.5213668681957,0.3749200598442856,158,0.3858563502629598,0.29470041252031765,0.5063843560471598,0.39564703961014575,230,159,False
120,44.2,0.00016,0.1090383450367621,11.588812167303903,0.07775732602762139,230,0.06909043486164489,0.11051826592948702,0.0984577477136825,0.04873341844151063,0.08169996673658125,25.897012596059106,230,5.527234788931591,55.25913296474351,39.383099085473,24.366709220755315,31.134044014975853,15.918618094376894,230,14.921132027514256,14.24049577050587,15.234863116252201,18.60071773019489,15.749302161116805,0.6179420714792998,230,0.6743653601324054,0.46642404463556075,0.5282035378065515,0.7213890520589692,0.5975954986583717,29.7164034573537,159,45.5782347785102,34.39610256032741,19.31197135789054,33.09543623224271,160.030656128927,153,140.16277821858725,189.36801600986058,114.44636931242766,147.9923878469585,0.3733146137814332,158,0.3829856001668506,0.29310759252828533,0.5049612941220403,0.3936848289390587,230,159,False
121,43.9,0.00015800000000000002,0.10810947343707085,11.500225223813738,0.07771265295374652,230,0.06908625099335758,0.11023595598008898,0.09841582076029574,0.04867099292044129,0.0816022551635459,25.876932043096293,230,5.526900079468606,55.11797799004449,39.3663283041183,24.335496460220643,31.08667570846301,15.923291434572196,230,14.926034847050675,14.251532865052209,15.240091399044902,18.60314586634493,15.755201244373179,0.6182059589935386,230,0.6745204258132989,0.4670289324389564,0.5284934516282792,0.7216924194778714,0.5979338073396014,29.700888003943103,159,45.38575320773654,34.406586971688775,19.281254257474625,33.024531478966644,159.48812006034103,153,140.416384379069,188.49336174858942,114.3246731934724,147.74480644037695,0.374954601798407,158,0.3827750219239129,0.2958145867056784,0.5051267022000892,0.3945721036098935,230,159,False
122,44.0,0.00015600000000000002,0.10776568947448617,11.459972352073306,0.07772956771533127,230,0.06910195219999468,0.1098207285006841,0.09845945401553144,0.04871404882786529,0.08152404588601887,25.8815704561446,230,5.528156175999574,54.91036425034205,39.38378160621257,24.357024413932646,31.04483161162171,15.920553544239482,230,14.92727030933313,14.286139954962875,15.241901011726503,18.58173515206199,15.759261607021125,0.6182982365722242,230,0.6745845742628608,0.4675751328468323,0.5284796550552896,0.721925461930888,0.5981412060239677,29.69640605254743,159,45.10284084743924,34.41749018811165,19.295694947242737,32.93867532759788,159.7633727578556,153,140.81175316704645,188.62535082499187,114.81867924442997,148.08526107882275,0.37316164522154754,158,0.3813934011591805,0.29512834418514966,0.5014297022384459,0.392650482527592,230,159,False
123,44.0,0.000154,0.10797042580587524,11.480333964029947,0.07781632039695978,230,0.06915631179343647,0.109587871366077,0.09863822201782084,0.04873878289280193,0.08153029701753406,25.910592786967754,230,5.532504943474917,54.7939356830385,39.45528880712834,24.369391446400964,31.03778022001068,15.912691759161465,230,14.925500359592462,14.309735855014127,15.231358677855965,18.565593583258647,15.7580471189303,0.6182083373484404,230,0.6745875276310344,0.46737613942888045,0.5283552573082295,0.7217932801161494,0.5980280511210734,29.725635144695545,159,44.88425530327691,34.475232854802556,19.31688932010106,32.89212582606017,160.1509415370966,153,141.88723415798611,189.0440569559733,115.03970040215387,148.65699717203776,0.37156156099053644,158,0.3791659673055013,0.29349549534049646,0.4999848547158763,0.3908821057872913,230,159,False
124,43.8,0.000152,0.10746887925834883,11.4361947899773,0.07797653978771489,230,0.06924141557808493,0.10932289726204342,0.09897512720620379,0.04876599307837231,0.08157635828117611,25.965899423088718,230,5.539313246246794,54.66144863102171,39.59005088248151,24.382996539186156,31.043452324734044,15.902687936480149,230,14.919418919375765,14.32622958265888,15.21637874675431,18.55471095849858,15.754184551821883,0.6180625739304916,230,0.6745433484164762,0.4674796627627479,0.5280785440130437,0.7216984672205788,0.5979500056032117,29.799781253502804,159,44.652701907687714,34.60624571049467,19.344710809843882,32.867886142675424,160.3513300777261,153,142.56319257948132,189.26108512878417,115.13309457567003,148.98579076131185,0.37162251621219505,158,0.3766525834798813,0.2937121394976613,0.500200988159382,0.39018857037897486,230,159,False
125,44.2,0.00015000000000000001,0.10722054580137844,11.413214015960694,0.07808637022972106,230,0.06928661022282823,0.10882514301273558,0.09923260437047228,0.04880758444778621,0.08153798551345558,26.004432080394547,230,5.542928817826257,54.41257150636779,39.69304174818891,24.403792223893106,31.013083574069015,15.89569683938983,230,14.915907529269708,14.351868551638432,15.205584283686063,18.544448193754924,15.754452139587283,0.6177298088436541,230,0.6744275223201429,0.4679469300640954,0.5273602468536255,0.721609220973083,0.5978359800527366,29.830168957980174,159,44.306944105360245,34.68576869558781,19.353073392595565,32.7819287311812,160.75843915752336,153,143.3634753757053,189.67413940429688,115.46476604320385,149.50079360773535,0.36939512948871034,158,0.37300969494713676,0.290959356903469,0.499073625226239,0.38768089235894826,230,159,False
126,43.7,0.000148,0.10653477790100234,11.34184101649693,0.07813402119538058,230,0.0693324223475557,0.1088986520965894,0.09925387086386377,0.048897699253367524,0.0815956611403441,26.021448769323204,230,5.546593787804456,54.4493260482947,39.701548345545504,24.448849626683764,31.036579452082105,15.887956356987566,230,14.91023752833908,14.348568014231217,15.19997780198977,18.52978700142761,15.747142586496919,0.6176568219195242,230,0.6743487384117824,0.4678925573825836,0.527437187572743,0.7212889279638018,0.5977418528327277,29.854395902381754,159,44.30411911010742,34.700115711131,19.398232136453903,32.800822319230775,160.673067978005,153,143.71348487006293,189.6010720570882,115.28632503085666,149.53362731933592,0.3689582010088606,158,0.3699320869313346,0.2907579964357278,0.49866988050884437,0.38645332129196897,230,159,False
127,43.9,0.000146,0.10646660984272048,11.336153445925031,0.07814358195047015,230,0.06929550154633085,0.10886192901266946,0.09931696527340311,0.048883770392941575,0.08158954155633624,26.028437367923882,230,5.543640123706468,54.43096450633473,39.72678610936124,24.44188519647079,31.03581898396831,15.885317071357518,230,14.911840637700841,14.352725383195962,15.191658309558983,18.530211278360017,15.74660890220395,0.6180021302855533,230,0.6744717309172724,0.4683745900789897,0.528090477940884,0.7213771577392306,0.5980784891690942,29.878988044067,159,44.24617216322157,34.735956070270944,19.417208552360535,32.799778928617684,160.50899343552933,153,143.936038547092,189.47487013075087,114.99469142489963,149.46853336758082,0.36909582305852845,158,0.36730671922365826,0.29109130035184566,0.4989265828127308,0.38577486746274486,230,159,False
128,44.1,0.000144,0.10629643407605943,11.31737889335269,0.07807999615274046,230,0.06929092699478209,0.10879687385426627,0.09920132275115937,0.04883298384291785,0.0815305268607814,26.00196382921675,230,5.543274159582568,54.39843692713313,39.680529100463744,24.416491921458924,31.009683027159593,15.88927758331677,230,14.913590771038853,14.357800114727398,15.197416857891982,18.533777031155463,15.750646193703425,0.6181118950895641,230,0.6744082788346519,0.468182557159,0.5283494823156519,0.7215045307363782,0.5981112122614205,29.87213095179144,159,44.19282107883029,34.72399894227373,19.426384483064925,32.781068168056315,159.98763955808153,153,144.07913292778863,188.85163892110188,114.53239172476309,149.15438785788453,0.3715815614861778,158,0.36722105907069313,0.293553078406921,0.501865373059575,0.3875465035123964,230,159,False
129,43.9,0.000142,0.10626252116191955,11.321141510918027,0.07798500102337287,230,0.06924719127341056,0.10900274415810902,0.09897787135807758,0.048840268747881055,0.08151701888436955,25.96926905716891,230,5.539775301872845,54.50137207905451,39.59114854323103,24.420134373940527,31.013107574524728,15.894106783968533,230,14.92223658900399,14.348893102741512,15.202893941240186,18.53488739450408,15.752227756872442,0.6182067275047303,230,0.6744334857228776,0.46735668182373047,0.5288127502228351,0.7212171639714923,0.5979550204352339,29.84289243086329,159,44.27462259928385,34.65974158429085,19.438081860542297,32.790815348039,159.61952750511418,153,144.3266126844618,188.22493659125433,114.492664831656,149.0147380357907,0.3726532798661273,158,0.3646725035376019,0.295138055959376,0.5026665443354952,0.3874923679441577,230,159,False
130,44.2,0.00014,0.10559980553530511,11.245907184055874,0.0779646511958993,230,0.06924386466787734,0.10906627029180527,0.09889625964012552,0.04888768830070538,0.08152352072512838,25.962860880500596,230,5.539509173430187,54.533135145902634,39.55850385605021,24.443844150352692,31.01874808143393,15.895141044921731,230,14.919789935545543,14.34156541721779,15.209399311150431,18.532495194735073,15.750812464662209,0.6178744636152101,230,0.674319929220307,0.46645522117614746,0.5285262960068723,0.7206221936004502,0.5974809100009443,29.832231953458965,159,44.3733762105306,34.62099625201935,19.456979410988943,32.817117291179635,159.51157050039254,153,143.77662234836154,188.23773223029244,114.25712564256456,148.75716007373953,0.37206454328452887,158,0.36583086020416683,0.29423719818418426,0.5023153690355164,0.38746114247462254,230,159,False
131,43.8,0.000138,0.10542418389093308,11.237009418578374,0.07794439206304757,230,0.06922209624883155,0.10909734335210589,0.09888373339112769,0.04884811271248119,0.08151282142613658,25.956065579277016,230,5.5377676999065235,54.54867167605294,39.55349335645108,24.424056356240595,31.015997272162785,15.897006319205145,230,14.918854047629223,14.337734014176899,15.21256849702082,18.536638771213564,15.751448832510127,0.6178615675024365,230,0.674288551152592,0.4662420219845242,0.5285373317434433,0.7206247502139637,0.5974231637736308,29.82113180220502,159,44.40984344482422,34.60812118205618,19.441213829176768,32.81972615201906,159.48959904091032,153,143.61558278401694,188.24989217122396,114.20144653320312,148.68897382948134,0.37158943529983485,158,0.36365394790967304,0.2940639828842494,0.5016124078205654,0.38644344620482923,230,159,False
132,44.1,0.000136,0.10498040066588493,11.193186505635579,0.07789077273691478,230,0.06921072104867075,0.10825956778393851,0.09883070118883823,0.04886597345050957,0.08129174086798927,25.932898138690256,230,5.53685768389366,54.129783891969254,39.532280475535295,24.432986725254782,30.907977194163248,15.898655908415552,230,14.918302500441733,14.402410079564381,15.214014649848442,18.531291314328232,15.766504636045697,0.6178569130275561,230,0.6743417038044459,0.46728987495104474,0.5284200003172489,0.7205667878900256,0.5976545917406912,29.77978805326066,159,43.94029320610894,34.573788054445956,19.45692115170615,32.65700080408701,159.4995918772579,153,143.84135013156467,188.30723525153266,114.09655987774885,148.7483817536154,0.37140650405619247,158,0.3616842147376802,0.29360247854523924,0.5021792714916435,0.3858219882581877,230,159,False
133,43.9,0.000134,0.10477852792966934,11.173501123700824,0.07796430579670098,230,0.06920625298270877,0.1078668087720871,0.09907412635994718,0.0488281645479479,0.08124383816567274,25.96029528214232,230,5.536500238616702,53.93340438604355,39.629650543978876,24.41408227397395,30.87840936065327,15.897077007524764,230,14.920009704273971,14.435227456411676,15.203370338133928,18.53523506848125,15.773460641825206,0.617780871235806,230,0.6742584747327885,0.4675106902917226,0.5281989875626056,0.7206954934767315,0.597665911515962,29.813398253242923,159,43.73860846625434,34.6667803500561,19.42866952078683,32.61135277903242,159.5838764415068,153,143.99258931477866,188.40491489834255,114.14736020123517,148.8482881381188,0.3707840915340518,158,0.36067479021019405,0.2934056589873107,0.5009122690119382,0.384997572736481,230,159,False
134,44.0,0.00013199999999999998,0.10506593308278493,11.205494310742333,0.07802482304041801,230,0.0692032492444129,0.10778787980477016,0.09922068363967095,0.04884720397447901,0.08126475416583326,25.984953612899,230,5.536259939553032,53.89393990238508,39.68827345586838,24.423601987239504,30.8855188212615,15.89271393740318,230,14.920736049158569,14.441989295551325,15.194125517073852,18.5308257829923,15.771919161194011,0.6178401085345642,230,0.6741469653559403,0.4678815570142534,0.5282934010028839,0.7208620842014041,0.5977960018936204,29.843541661148553,159,43.74807908799913,34.73070304951769,19.40543438707079,32.62807217486254,159.69344065547767,153,143.70645480685764,188.41114696926542,114.49509444060149,148.87089873890818,0.3705283295940844,158,0.36218267844782936,0.2938450254119372,0.49921865368794116,0.38508211918256924,230,159,False
135,44.2,0.00013000000000000002,0.10435354743330251,11.12473174958002,0.07821132922949998,230,0.06924114725224569,0.10778891626331541,0.09958560253552934,0.04895245327082064,0.08139202983047777,26.058379071724154,230,5.539291780179655,53.89445813165771,39.834241014211734,24.476226635410317,30.936054390364852,15.879314095733546,230,14.917604989925694,14.446245393812076,15.171827835342198,18.51650469049136,15.763045727392832,0.6174605179092159,230,0.6741266380733167,0.4674164222346412,0.5277321253051149,0.7203457185200283,0.5974052260332753,29.944917169007116,159,43.74497731526693,34.86751258119624,19.464122346469335,32.6922040809775,159.89533051634146,153,144.00930786132812,188.62867791917589,114.65408862078631,149.09735813376344,0.36998096467113667,158,0.3616495877504349,0.29296433515546305,0.4992225528362074,0.3846121585807018,230,159,False
136,43.9,0.00012800000000000002,0.10412628904339813,11.118424613135202,0.07834048564343349,230,0.06926506513755926,0.10761423574553595,0.09990126639604568,0.0489508019693728,0.08143284231212843,26.106955228130456,230,5.5412052110047405,53.807117872767975,39.960506558418274,24.4754009846864,30.946057656719347,15.871741036035466,230,14.91992406939871,14.450068446921453,15.152417266369879,18.51442839821048,15.759209545225131,0.6173208876796391,230,0.6741670156028908,0.4675607416364882,0.527412587340842,0.7202342173882893,0.5973436404921275,30.01122005030794,159,43.683653089735245,34.998298807347076,19.442696826798574,32.708216241293634,160.09541629965787,153,143.7931925455729,188.74674661424424,115.0602364010281,149.20005852028177,0.36959600941973586,158,0.36350401242574054,0.2932046250870792,0.49743934363193276,0.38471599371491755,230,159,False
137,44.1,0.000126,0.10416755239878382,11.113594273158482,0.07841419512001069,230,0.06924431590022335,0.10780467258559333,0.10010281098174288,0.04891093148450766,0.0815156827380168,26.13826311055733,230,5.539545272017868,53.90233629279666,40.04112439269715,24.455465742253832,30.98461792494138,15.86816799742823,230,14.923235403109015,14.429481969574713,15.14387623628427,18.513200390193912,15.752448499790477,0.6170406819685645,230,0.6743005791180571,0.46703220738304985,0.5266789232796811,0.7202304835830416,0.5970605483409575,30.071912951439433,159,43.91289816962348,35.07737760340914,19.445438946996415,32.81190490667635,160.08583874172635,153,142.42405954996744,188.87146093580458,115.0534316168891,148.78298403422036,0.3702445473297959,158,0.3690021087725957,0.2934227585091546,0.4980232671036252,0.38681604479512516,230,159,False
138,44.0,0.000124,0.10325648624982153,11.02451479775565,0.07838798764607181,230,0.06924881969749087,0.10804370873504215,0.09997607422794433,0.04897190364343779,0.08156012657597879,26.1297551225061,230,5.539905575799271,54.02185436752107,39.99042969117773,24.485951821718896,31.009535364054244,15.866879155629086,230,14.92493001704273,14.413788494236545,15.147906435313873,18.501515593161116,15.747035134938566,0.6168777131516,230,0.6742600160585323,0.46686310238308376,0.5264991921313266,0.7199414446949959,0.5968909388169846,30.068853354304093,159,44.14917288886176,35.02798660765303,19.48168546812875,32.88628165488118,159.95899935952977,153,141.45691680908203,188.65227618747286,115.22055173803258,148.4432482448625,0.3702929206273542,158,0.3704838040802214,0.29324021789130145,0.49822476711623104,0.3873162630292513,230,159,False
139,44.0,0.000122,0.10354189482473192,11.043530137198312,0.07832913725110499,230,0.06919677343062113,0.10841155466106203,0.09981539512568331,0.04900677715029035,0.0816076250919142,26.113644721715346,230,5.535741874449689,54.20577733053101,39.92615805027333,24.503388575145177,31.042766457599804,15.867332131664366,230,14.930500661313529,14.387112934168174,15.152309474028312,18.493209577917295,15.740783161856827,0.6169805848080179,230,0.6743889291521529,0.466722309589386,0.5266261810952044,0.7200099772640637,0.5969368492752017,30.053008715311687,159,44.39340337117513,34.967987466365734,19.498159527778625,32.9531834551065,159.92407156751048,153,141.16112857394748,188.50340707567003,115.4190028861717,148.36117951192975,0.3692381602695029,158,0.3706301301717758,0.2923364313250478,0.49672625067510773,0.3865642707239771,230,159,False
140,44.2,0.00012,0.10255547062981696,10.957704814275106,0.07820541878919239,230,0.06913592779195644,0.10926568673716651,0.09947776100895506,0.049005263085876195,0.08172115965598856,26.073473219638284,230,5.530874223356515,54.63284336858325,39.791104403582025,24.502631542938097,31.114363384614972,15.87321201292184,230,14.93770205556945,14.331730351922658,15.168700638616032,18.489615782667528,15.731937207193917,0.6173020116660906,230,0.6745624735321797,0.46583277980486554,0.5272379787044322,0.7202261079634938,0.5969648350012429,30.019514089860255,159,44.943211025661896,34.854684768839086,19.504883442606246,33.10092641236908,159.59548643523573,153,140.6090554131402,188.04638222588434,115.34173195450394,147.99905653117617,0.3698351826147424,158,0.370700114303165,0.2938247066922486,0.4959278589646731,0.3868175599866956,230,159,False
141,43.9,0.00011800000000000002,0.10317782243447644,11.01962844303676,0.07816542306833942,230,0.06910162560746703,0.10978611144754621,0.09938590652606588,0.04895502984124635,0.08180716835558137,26.061676764779765,230,5.528130048597363,54.89305572377311,39.754362610426355,24.477514920623175,31.163265825855,15.877654324536067,230,14.940586936312465,14.300189595035071,15.17469860515653,18.499204409376443,15.728669886470128,0.6173104258983032,230,0.6745865651419465,0.46490201354026794,0.5272616322370286,0.720340004989079,0.5967725539770805,30.025046480526715,159,45.21630181206597,34.858589760800626,19.47014708178384,33.18167955155015,159.14591015086455,153,140.96922047932944,187.2834979587131,115.27937874970613,147.84403239591623,0.3715234816817072,158,0.3689969993299908,0.29685815296546425,0.4959273015348507,0.3872608179434353,230,159,False
142,44.0,0.00011600000000000001,0.1028543548392398,10.981006579172044,0.07822174484963003,230,0.06912764515990102,0.10976207256317139,0.09951748484943776,0.04893636214546859,0.08183589117949469,26.08108661501952,230,5.530211612792082,54.88103628158569,39.806993939775104,24.468181072734296,31.171605726721793,15.875358279135213,230,14.935662140466148,14.305782499425154,15.169328313847647,18.504133718419602,15.728726668039638,0.6173441388036893,230,0.6745106510713067,0.46498726142777336,0.5273246771477639,0.7204551909651075,0.5968194451529878,30.0471601246288,159,45.131656646728516,34.925746735106124,19.43380994456155,33.1637377754654,159.05830036736782,153,141.68165588378906,187.02833078172472,115.3376904240361,148.0158923631833,0.3723556733162649,158,0.366935552822219,0.29843354352589657,0.4959903010832412,0.3871197991437856,230,159,False
143,44.0,0.00011400000000000002,0.10270228038231531,10.96864039784386,0.07816817831733952,230,0.06916992867391714,0.10960467076963848,0.09936904927041937,0.04893720372846084,0.08177021311060896,26.05488769693867,230,5.533594293913371,54.802335384819244,39.74761970816775,24.46860186423042,31.138037812782695,15.879064053602349,230,14.93171485854195,14.31706061601666,15.17945837350292,18.50554186997567,15.7334439295093,0.6174111458270446,230,0.6744509167234662,0.46534070041444564,0.5276072088708269,0.7202750806297574,0.596918476659624,30.01337693772226,159,44.990667978922524,34.89186646075959,19.417419178145273,33.099984539275795,158.92783385632086,153,142.20767381456164,186.60595380995008,115.58432727389865,148.13265163280346,0.3740900491785753,158,0.365252329243554,0.30112840363164983,0.49667884409427643,0.3876865256564934,230,159,False
144,44.0,0.00011200000000000001,0.10223011202400639,10.927507820583525,0.07819849564491407,230,0.06918668455745973,0.10919657680723402,0.09945533674289571,0.04896122410095164,0.08169995555213527,26.064347392514996,230,5.534934764596778,54.59828840361701,39.782134697158284,24.48061205047582,31.098992478961975,15.880229826532352,230,14.935121113299399,14.346030853396176,15.17797273822496,18.503849035436986,15.74074343508938,0.6172953755959221,230,0.6743970332850873,0.46552113360828823,0.527464617440041,0.7200782639639718,0.5968652620743471,30.013098806705116,159,44.68720372517904,34.91736986282024,19.42259124347142,33.009054943823564,159.2423248041689,153,143.19801330566406,186.93953683641223,115.75435666684751,148.6306356029746,0.3736439360161253,158,0.36368401017453933,0.30056686449785947,0.4966047750120716,0.3869518832281568,230,159,False
145,44.2,0.00011000000000000002,0.10245067849755288,10.938412066868374,0.07818633330095073,230,0.06922600481291892,0.10926438040203518,0.09940946102142334,0.048927527819094915,0.08170684351386809,26.055043184724838,230,5.538080385033513,54.63219020101759,39.763784408569336,24.463763909547456,31.099454726041976,15.884631814742011,230,14.938988352926955,14.336833680940202,15.182273000470515,18.511285342145694,15.742345094120841,0.6172809472550517,230,0.6742810220785544,0.4653324650393592,0.5276518489452119,0.7198821306228638,0.5967868666714973,29.990556812886172,159,44.67284393310547,34.88476038993673,19.41563323565892,32.991079186233705,159.4157882889891,153,143.8037812974718,187.1979514227973,115.7141842312283,148.90530565049914,0.3735471211876308,158,0.3625960300366084,0.29961999776267434,0.4980789479533477,0.3867649919175435,230,159,False
146,43.9,0.00010800000000000001,0.10198095208477406,10.892471052351452,0.07818886900887541,230,0.06925300290991723,0.1092766523361206,0.09942291748333484,0.04887915269604751,0.08170793135635505,26.052260716972143,230,5.540240232793378,54.6383261680603,39.76916699333394,24.439576348023756,31.096827435552843,15.885924173570864,230,14.939791330708942,14.335463294510511,15.180349222190715,18.519024623293607,15.743657117675944,0.6173963878465736,230,0.6742348414911351,0.4657183057732052,0.5279484131234757,0.7198549977370671,0.5969391395312208,29.97151706503622,159,44.629517449273,34.87504855622637,19.384839143071854,32.96313504952374,159.70299582387887,153,144.49005381266275,187.44503949483234,116.0017467074924,149.31228000499584,0.3710654907070581,159,0.35974911020861733,0.29673735888184427,0.49764927313663065,0.38471191407569744,230,159,False
147,43.8,0.00010600000000000002,0.10203211598453067,10.909280400049118,0.07819076732772848,230,0.06927562533864673,0.1093909599714809,0.09937892870066013,0.04891373479871878,0.08173981220237664,26.052074631757062,230,5.542050027091738,54.69547998574045,39.751571480264055,24.45686739935939,31.111492223113906,15.882075164493425,230,14.937864028113506,14.332366924818237,15.177257721777021,18.511346672625443,15.739708836833552,0.6174894468939822,230,0.6742365830381152,0.4657830463515388,0.5283858988513338,0.7194902407271522,0.596973942242035,29.96824141568358,159,44.64178339640299,34.85257591085231,19.411289266177587,32.96854952447763,159.79250131245533,153,144.99288516574435,187.45833536783854,116.14938057793512,149.53353370383934,0.3732389970505728,158,0.3584337813986672,0.30003137271651015,0.4971953542636974,0.3852201694596249,230,159,False
148,44.0,0.00010400000000000001,0.10173703703497138,10.880786832173666,0.07820919108293627,230,0.06928251413497287,0.11005222797393799,0.09936794725821373,0.048892827704548836,0.08189887926791836,26.060842168719873,230,5.54260113079783,55.026113986968994,39.747178903285494,24.446413852274418,31.190576968331683,15.880510722285164,230,14.9356301677536,14.283040555312697,15.176531820369176,18.516899430402955,15.728025493459606,0.6175387605376865,230,0.6742603333903031,0.46502822306421066,0.5287296064990632,0.7192070399011884,0.5968063007136913,30.00809784055506,159,45.06969112820096,34.87339460088852,19.420736500195094,33.121274076428186,159.39277195151334,153,144.44954935709634,186.88402659098307,116.06455131813333,149.13270908873758,0.3753117244275098,158,0.35976655450132156,0.30323833711595544,0.4975033592366214,0.3868360836179661,230,159,False
149,43.8,0.00010200000000000001,0.10140238084963389,10.836915268216814,0.07824580037723416,230,0.06930050867753969,0.11061284442742665,0.09938076966779029,0.048908750393560955,0.0820507182915794,26.076289738002032,230,5.544040694203176,55.306422213713326,39.752307867116116,24.45437519678048,31.264286492953275,15.877613522883744,230,14.932641558106537,14.244505614117035,15.171986675762657,18.522611814088464,15.717936415518674,0.6173221957424413,230,0.674265055589273,0.4642084704505073,0.5286590403064768,0.7185617866260665,0.5964235882430808,30.02269480363378,159,45.38286336263021,34.865623839358065,19.424893975257874,33.22446039241538,159.575835932314,153,144.43285454644098,187.05111011928983,116.30754251833315,149.26383572802132,0.37449819751561303,158,0.3586989525291655,0.30198359369520617,0.49746340037589626,0.386048648866756,230,159,False
150,44.2,0.0001,0.10103282277427969,10.804506417683193,0.07825513077980799,230,0.0692832777145463,0.1112887751724985,0.0993649524814905,0.048886836639472415,0.08220596050200193,26.08383541262668,230,5.542662217163704,55.644387586249245,39.7459809925962,24.443418319736207,31.34411227893634,15.876476774019938,230,14.930978722999722,14.195340709449852,15.17228467358026,18.52745255339308,15.706514164855728,0.6171731855558312,230,0.6742845269995676,0.46381065911716884,0.528554637064325,0.7181642757994788,0.596203524745135,30.035232064109177,159,45.81134372287326,34.857335963147754,19.405539716993058,33.35807313433802,159.61413023206921,153,143.76139153374567,187.0564800262451,116.51900369149668,149.1122917504958,0.37509003047141704,158,0.35934631029764813,0.30302865553136554,0.49729362602478694,0.38655619728460017,230,159,False
151,43.8,9.8e-05,0.10079942782010351,10.780398409707205,0.0782890805893618,230,0.06927616781437061,0.11156875805722342,0.09944679778307042,0.048852907260879874,0.08228615772888609,26.09838714952702,230,5.542093425149649,55.78437902861171,39.77871911322817,24.426453630439937,31.382911299357367,15.874265479092443,230,14.928416292480154,14.18000980954784,15.166143819076492,18.534391002608043,15.702240230928133,0.6171773130479066,230,0.6743334552771608,0.4638013541698456,0.528553731263952,0.7181222098214286,0.5962026876330968,30.048331842482465,159,45.97247399224175,34.8736716534229,19.38941717147827,33.41185427238097,159.8053660423927,153,143.70954047309027,187.42272779676648,116.45906737998679,149.19711188328117,0.37400649544558945,158,0.35795170234309304,0.3015047154985168,0.49699147174916497,0.3854826298635916,230,159,False
152,44.0,9.6e-05,0.10013591001431148,10.709728486197335,0.07823211468918168,230,0.06927492574486933,0.11199115051163568,0.09928954142997874,0.04881659645720252,0.08234305353592157,26.076492235226475,230,5.541994059589547,55.99557525581784,39.715816571991496,24.40829822860126,31.415421029000036,15.879573425167683,230,14.928446392193592,14.15560125073749,15.176207447704789,18.543183617891685,15.70085967713189,0.6171698155610458,230,0.6743219734077722,0.463294784228007,0.5286727354247519,0.7179876299841064,0.5960692807611594,30.019003076373405,159,46.25309160020616,34.803375690541365,19.379041961261205,33.47850308400291,159.78642971063752,153,143.24615902370877,187.53661172654893,116.29283813193992,149.02520296073254,0.3734270946765201,158,0.35949460168679553,0.30001324155838577,0.49758567997819875,0.38569784107446003,230,159,False
153,43.9,9.4e-05,0.10073792767666635,10.78043257849557,0.07822248048108557,230,0.06925445855398413,0.11236624336904949,0.09923430888893757,0.0488354058470577,0.08242260416475722,26.076586076908786,230,5.540356684318731,56.18312168452475,39.693723555575026,24.41770292352885,31.45872621198684,15.878726246760678,230,14.93127465997944,14.130407780498373,15.175153320834484,18.541936673455158,15.694693108691864,0.6171758196924044,230,0.6743267871124644,0.4626098970572154,0.5288654220231036,0.7177928196532386,0.5958987314615055,30.02652842443694,159,46.47397316826714,34.789780474723656,19.387730291911534,33.55049464496744,159.74171298157935,153,143.00000847710504,187.47738405863444,116.30587860389993,148.92775704654647,0.37248210406484955,158,0.35873545209566754,0.2988739163684909,0.4969335562699208,0.3848476415780264,230,159,False
154,44.0,9.2e-05,0.10009246608685879,10.717865821293422,0.07816289766975071,230,0.06924742009018509,0.11241310669316186,0.09909325588415278,0.04882885043376258,0.08239565827531557,26.053471998352073,230,5.539793607214807,56.20655334658093,39.63730235366111,24.41442521688129,31.449518631084537,15.883398942332335,230,14.933055213159593,14.12258493413995,15.184370097917196,18.544656839118396,15.696166771083783,0.6172765584095664,230,0.6743470484941778,0.46195301082399154,0.5291725470030562,0.7177709192037582,0.5958108813812459,29.986890882815956,159,46.47650231255425,34.717218196138425,19.3965824842453,33.530100997645995,159.83123806722804,153,143.031121995714,187.6944396548801,116.19258809972692,148.97271658344036,0.37163719219226343,158,0.3587373163965013,0.2971780456662659,0.4973657548543997,0.38442703897238895,230,159,False
155,44.0,8.999999999999999e-05,0.09989142893325714,10.694403893607003,0.07816603465572647,230,0.06925018197319037,0.11258214049869114,0.09907182531946516,0.048847039396475465,0.08243779679695554,26.05555826506537,230,5.54001455785523,56.291070249345566,39.62873012778607,24.423519698237733,31.470833658306148,15.885762888222736,230,14.934754884313195,14.110266366789205,15.190334548700696,18.544178975464717,15.694883693816953,0.617104318867559,230,0.6743183073023675,0.4611402750015259,0.5290170638485158,0.7174915543624333,0.5954918001287106,29.98550055761757,159,46.61218558417426,34.70388968447421,19.393201572554453,33.56975894706764,159.87680108562793,153,142.62151506212024,187.68723191155328,116.40196404633699,148.9035703400035,0.37082473899508955,158,0.3593152364095052,0.2962563277662842,0.49651130627275314,0.3840276234828475,230,159,False
156,43.9,8.8e-05,0.09963624896038147,10.676464993613108,0.07813701584287312,230,0.06923766667679163,0.11277034382025401,0.09896564019962828,0.04889171494037977,0.08246634140926343,26.047011233704247,230,5.53901333414333,56.385171910127006,39.58625607985131,24.445857470189885,31.489074698577884,15.884693565682634,230,14.93186085035578,14.097018882724207,15.194029889446897,18.53938250320034,15.690573031431807,0.616992388860039,230,0.674345462674826,0.4604742195871141,0.5289316370766214,0.7172478522573199,0.5952497928989704,29.990634792255907,159,46.77318784925673,34.68045338163984,19.421243275914872,33.62496150227048,159.68962924932342,153,142.1603020562066,187.3612053765191,116.49189023618345,148.67113255630306,0.37157967879475223,158,0.361084477769004,0.2976233900176682,0.49608667282154784,0.38493151353607336,230,159,False
157,44.1,8.600000000000002e-05,0.10012367064399379,10.717203839619954,0.0780681204860625,230,0.06922332459772138,0.1125565701060825,0.09881193373114505,0.048919299351317544,0.08237778194656661,26.02070495356684,230,5.53786596781771,56.278285053041245,39.52477349245802,24.45964967565877,31.450143547243936,15.890011677235728,230,14.933894080349658,14.10957432842552,15.205716085895011,18.537012946954132,15.696549360406081,0.616980421802272,230,0.6743638141894005,0.46085808012220597,0.5289675678978575,0.7170534304210118,0.5953107231576189,29.947228707607437,159,46.64741685655382,34.61190215577471,19.433282324245997,33.56420044552484,159.8130945941202,153,142.251831902398,187.463670179579,116.6556790669759,148.79039371631765,0.37051722251138164,158,0.3592516763342751,0.2964687047886752,0.4953011879364827,0.3836738563531443,230,159,False
158,43.8,8.400000000000001e-05,0.09958316002573286,10.662478253954934,0.07797455221576535,230,0.0692399781407185,0.11203448805544111,0.09861146559582111,0.0489342929130154,0.08220505617624903,25.979954695895962,230,5.53919825125748,56.01724402772056,39.44458623832845,24.4671464565077,31.367043743453547,15.895578144454738,230,14.932016654151292,14.145000245461452,15.220340259884605,18.53201435967039,15.707342879791934,0.6173849536025006,230,0.6743948031479204,0.46162747343381244,0.529637079606665,0.7174281350203923,0.5957718728021976,29.87346997051119,159,46.371984269883896,34.524561739982445,19.414733273642405,33.43709309450292,159.88551983802148,153,142.16160753038196,187.49249907599554,116.82787315933793,148.82732658857182,0.37029676965240366,158,0.35909275379445815,0.2966045289643369,0.49447917191511287,0.3833921515579693,230,159,False
159,44.0,8.200000000000001e-05,0.09931516319158532,10.645042555672783,0.07800181837671477,230,0.0691964532917654,0.11186728295352724,0.09869269519410234,0.048991984787530134,0.08218710405673128,25.99591104929214,230,5.535716263341232,55.93364147676362,39.47707807764094,24.495992393765068,31.360607052877715,15.89502793877441,230,14.936814565192973,14.157066882224335,15.221012606845104,18.520603657249186,15.7088744278779,0.6172709564799848,230,0.674491844546627,0.4616413215796153,0.5293977856636047,0.7172363443034036,0.5956918240233127,29.88900938573873,159,46.29460355970595,34.54289444456709,19.4405175447464,33.42600518300648,160.0034411810582,153,141.87786187065973,187.7831687927246,116.72482504668059,148.7952852366883,0.3698051753881258,158,0.35965694818231797,0.2959760672648147,0.4940451950367008,0.3832260701612778,230,159,False
160,44.2,8e-05,0.09946653445561728,10.652127200081235,0.07800148961174747,230,0.06913709944822419,0.11177276571591695,0.09876053661425063,0.048967200298128385,0.08215940051913004,26.000669372308515,230,5.530967955857935,55.88638285795847,39.50421464570025,24.48360014906419,31.351291402145215,15.895461453471446,230,14.942803633277624,14.160580932590115,15.217317851828797,18.52042803340184,15.710282612774593,0.6171450456847315,230,0.6745598635203401,0.46192187401983476,0.5289820429492504,0.7172857373952866,0.595687379471178,29.89989474434523,159,46.30024083455404,34.56688566410795,19.43024722167424,33.432457906778744,159.89038858850017,153,141.31807284884982,187.78929218716092,116.487601880674,148.53165563889493,0.37033342752278536,158,0.3600713296069039,0.2967123999873737,0.49424618541628923,0.38367663833685556,230,159,False
161,43.8,7.800000000000001e-05,0.09942713339059125,10.64544288771493,0.07796784489537063,230,0.06914783017316335,0.11158150848415163,0.09865450902663647,0.04902412426391883,0.08210199298696758,25.986789053710908,230,5.531826413853068,55.79075424207581,39.461803610654584,24.512062131959414,31.32411159963572,15.895894709688514,230,14.943091713177031,14.172577166415378,15.223882237312603,18.50889547835118,15.712111648814048,0.6169726887474889,230,0.6745328836038079,0.46194200383292305,0.5287679230913203,0.71696822983878,0.5955527600917078,29.877873612649786,159,46.20862028333876,34.51888936631223,19.463012882641383,33.39684084409746,159.88759293899037,153,141.18201700846353,187.85516319274902,116.39257183781376,148.47658401300876,0.3700643886165116,158,0.3603389494948917,0.29633071261673405,0.49407797468925957,0.3835825456002951,230,159,False
162,44.1,7.6e-05,0.09911630636169796,10.61674535160973,0.0779427644999131,230,0.06916867579582711,0.11173568003707463,0.09852358322352806,0.0490896769666246,0.0821294040057636,25.97689705633599,230,5.533494063666169,55.86784001853731,39.40943328941122,24.5448384833123,31.338901463731748,15.89491185927845,230,14.941512894941452,14.161156448260247,15.231623279942719,18.49570206686148,15.707498672501474,0.6168959616318993,230,0.6743698569250779,0.4614899754524231,0.5288491908540117,0.716796028826918,0.5953762630146077,29.86900756044208,159,46.303808000352646,34.48335489313653,19.482188752719335,33.42311721540283,159.7677003199758,153,141.12940639919705,187.61820928785536,116.45656769363968,148.4013944602307,0.37044884734256545,158,0.3595682746834225,0.2978551891902762,0.4927548359514081,0.38339276660836896,230,159,False
163,43.9,7.4e-05,0.0984774106315204,10.551138494128272,0.0779642088662671,230,0.06918950680590852,0.1120217384563552,0.09848625696402916,0.04916802241599986,0.08221638116057318,25.986443961768046,230,5.535160544472681,56.0108692281776,39.39450278561166,24.58401120799993,31.381135941565464,15.890485821827143,230,14.941485722146043,14.129958104719032,15.23314233276267,18.48002233081628,15.696152122611005,0.6167795060769371,230,0.6743184441411999,0.46124347382121617,0.5287580594737479,0.7165755001561982,0.5952238693980906,29.897498316734843,159,46.52351167466905,34.49042987823486,19.515896763120377,33.509946105341434,159.61195263831445,153,140.5946044921875,187.33390799628364,116.57825173272028,148.1689214070638,0.37134150458983134,158,0.36068401568465763,0.29952030219337955,0.4923288121436989,0.3841777100072454,230,159,False
164,44.0,7.2e-05,0.09840452718947615,10.546192736852737,0.07788940178959267,230,0.06917061194987364,0.11220204581816991,0.09830304683047406,0.049163288370307,0.08220974824220616,25.958977901093338,230,5.533648955989891,56.10102290908495,39.32121873218963,24.5816441851535,31.384383695604495,15.895062249936277,230,14.945122371704947,14.116511217094875,15.244540190039313,18.4772366120847,15.695852597730958,0.6169255631125492,230,0.6744179129600525,0.4609835611449348,0.5290587687111915,0.71658627476011,0.5952616293940722,29.860100140361666,159,46.63938564724393,34.423013423351534,19.504253387451172,33.52221748601554,159.4758015052945,153,140.35140652126736,187.08547676934137,116.64707522922092,148.02798617327656,0.37168710193113436,158,0.36151060793134904,0.2999927650896772,0.49238641929280547,0.3846299307712773,230,159,False
165,44.1,7e-05,0.09849236371616522,10.56509914852324,0.0779158802703023,230,0.06915697090747491,0.11218351622422536,0.09837264432869058,0.04917548776471189,0.08222215480627569,25.971141312757265,230,5.532557672597993,56.09175811211268,39.349057731476236,24.587743882355944,31.390279349635712,15.893807601791638,230,14.949842463415662,14.120394123725111,15.241609804199825,18.47039401430813,15.695560101412182,0.6169805266287016,230,0.6744806057130787,0.46097579929563737,0.5290260029600021,0.7167887794119971,0.5953177968451788,29.87057210814278,159,46.58728917439779,34.443614229242854,19.507779019219534,33.51289414095339,159.5430059495315,153,140.71353827582465,187.17492972479926,116.62804426970305,148.17217075677567,0.3710187112535291,158,0.35978985329469043,0.29948369513756484,0.4916225723323545,0.3836320402548699,230,159,False
166,43.7,6.8e-05,0.09838336113662947,10.547257782164074,0.07793923630986525,230,0.06914749961923546,0.11210296965307659,0.09843787768895322,0.049186868726142814,0.08221880392185202,25.98138124657714,230,5.531799969538836,56.0514848265383,39.375151075581286,24.593434363071406,31.38796755868246,15.893335362177085,230,14.95221745459443,14.132639816752395,15.240152880456368,18.465920801979557,15.697732738445687,0.6168722318566364,230,0.6744831443672449,0.4605367249912686,0.5288112648624055,0.7167717974100795,0.5951507329077496,29.88887395798785,159,46.506343841552734,34.46711911546423,19.533297640936716,33.502253532651224,159.65281791936337,153,141.05779266357422,187.35604900783963,116.57993698120117,148.33125955087166,0.3706817139983413,158,0.3598679800828298,0.29872252002498634,0.49192329694051296,0.38350459901610967,230,159,False
167,44.0,6.599999999999999e-05,0.09740653096565179,10.457773124603998,0.07799698855403973,230,0.06917087576338943,0.11249728666411506,0.0985323706681424,0.04917244224010834,0.0823432438339388,26.003364713781554,230,5.533670061071154,56.248643332057526,39.41294826725696,24.58622112005417,31.44537069510995,15.888773221462245,230,14.949982937249718,14.109923495712977,15.232546047393932,18.466435937056065,15.689722104353173,0.6167527097722758,230,0.6743941227315178,0.4599255488978492,0.528560960546453,0.7169121482542583,0.5949481951075195,29.93196784925161,159,46.696087731255425,34.52090545410805,19.534874745777675,33.58395597704705,159.53796329373628,153,141.49311913384332,187.23556175231934,116.38277322274668,148.37048470296978,0.37094113555784,158,0.3587723986970054,0.29909044805093,0.49222028859159245,0.3833610451131759,230,159,False
168,43.6,6.4e-05,0.09729057435123693,10.434302161988757,0.07803121525794268,230,0.0691736950211122,0.11261332200633155,0.09861253079106198,0.04915623875733997,0.08238894664396143,26.016836433468953,230,5.533895601688976,56.30666100316577,39.445012316424794,24.578119378669985,31.465922074987382,15.886117127303654,230,14.949065142649026,14.105717975591794,15.22520008589797,18.469697219589722,15.687420105932128,0.6166548999755279,230,0.674314473716306,0.4596069786283705,0.5284269290401581,0.7168875932693481,0.5948089936635457,29.95233373222111,159,46.729608323838974,34.55510214541821,19.529910479273116,33.604873649510104,159.46420098597707,153,141.89874521891275,187.17435302734376,116.20819021154333,148.42709615259994,0.37141695996463486,158,0.35732708043522304,0.29953659515106873,0.49305415359724847,0.3833059430611801,230,159,False
169,44.0,6.200000000000002e-05,0.09772266318045911,10.484487354187738,0.07808603600639363,230,0.06919907615847991,0.11267420649528503,0.09871923451886531,0.04916032091049211,0.0824382095207806,26.03659515309593,230,5.535926092678393,56.33710324764252,39.48769380754613,24.580160455246055,31.485220900778273,15.88282744181071,230,14.944714728916248,14.104058688277727,15.220773767044445,18.46939827797737,15.684736365553947,0.6165661642084951,230,0.6742129775000291,0.45909811721907723,0.5283714897455053,0.7168266656143325,0.594627312519736,29.96750843000112,159,46.72418975830078,34.588100676840924,19.518476230757578,33.610255555299766,159.62345721674902,153,142.44524892171225,187.31200896369086,116.33890568768537,148.69872119102948,0.37120048451838616,158,0.35607759323385024,0.29954667695828024,0.4926274510300053,0.382750573740712,230,159,False
170,44.0,6.0000000000000015e-05,0.09695731436922436,10.406117897941952,0.07808286065802626,230,0.0692263952600704,0.112726295987765,0.09867046182935542,0.04918613950056689,0.08245232314443943,26.03345881661643,230,5.5381116208056325,56.3631479938825,39.46818473174217,24.593069750283444,31.490628524178437,15.882318932309206,230,14.939110065805863,14.105118257559788,15.22611553951311,18.465278834404113,15.68390567432072,0.6162952235211496,230,0.6740677923383848,0.45844881070984733,0.5281067728362185,0.7164466466222491,0.594267505626675,29.952590258616322,159,46.74515151977539,34.55415005379535,19.529738971165248,33.60968018157866,159.68449611289827,153,142.48711903889975,187.42394926283094,116.31830370867694,148.7431240034692,0.3704777014400527,158,0.3547508070866267,0.29840527568513187,0.49269694508984685,0.3819510092872018,230,159,False
171,43.9,5.800000000000001e-05,0.09734577110835484,10.44666763941447,0.07816304223530966,230,0.06925226168208559,0.11288389066855113,0.0988095989648966,0.04922378242814115,0.08254238343591862,26.06450949317735,230,5.540180934566847,56.441945334275566,39.52383958595864,24.611891214070575,31.529464267217907,15.876729791117006,230,14.93411812713989,14.094538315452727,15.219057430033537,18.462200386924142,15.677478564887574,0.6161922793025556,230,0.6739732618902771,0.45812904503610397,0.5281409782932159,0.7161376657230514,0.5940952377356621,29.979523952652073,159,46.82194519042969,34.58551672671704,19.54121838297163,33.64956010003945,160.04752898372078,153,142.69681888156467,187.91941604614257,116.48616889671042,149.03413460813923,0.3687193804078653,158,0.35372386541631484,0.2959146872763672,0.4920371678391738,0.38055857351061856,230,159,False
172,44.0,5.6000000000000006e-05,0.09747935861703895,10.463007002785092,0.07812073691545621,230,0.06927503225669054,0.11298694213231404,0.09865817181924556,0.04925877803803554,0.08254473106157142,26.04659334035671,230,5.542002580535244,56.49347106615702,39.46326872769823,24.629389019017772,31.532032848352067,15.878034501111731,230,14.933279859251845,14.087731599019694,15.226318459576488,18.457527601025895,15.67621437971848,0.6161402596079785,230,0.673959171268302,0.45784007509549457,0.5282839799815036,0.7157482813511576,0.5939578769241144,29.963467729916363,159,46.891754150390625,34.53556949534315,19.56825087751661,33.66519150775013,159.83460614572164,153,142.6148164537218,187.63729031880698,116.36676413924606,148.87295697059162,0.3686510163029255,158,0.3517045130332311,0.2958169476659868,0.4923311397433281,0.379950866814182,230,159,False
173,43.9,5.4000000000000005e-05,0.09679179015968527,10.40170114608038,0.07809798897284528,230,0.06929405492691088,0.11272212366263072,0.09860165116000683,0.049278665034632595,0.08247412369604526,26.035063013272442,230,5.54352439415287,56.36106183131536,39.44066046400273,24.639332517316298,31.496144801696815,15.879482218489281,230,14.935547832572215,14.111117311910016,15.226461390667863,18.456599778748902,15.682431578474748,0.6160990242076957,230,0.6739595826243011,0.4577279918723636,0.5283792272527167,0.7154365341578212,0.5938758339768007,29.94840854068972,159,46.6989368862576,34.51809154672826,19.5858200107302,33.600949481238686,159.7123916975034,153,143.0871870252821,187.43619821336534,116.27691494977033,148.93343339613926,0.36870268693700714,158,0.3497491180896759,0.2957229898912051,0.49294722166710664,0.37947310988266253,230,159,False
174,44.0,5.2000000000000004e-05,0.0968447235368547,10.405998872575307,0.07808144080412129,230,0.06931547440168723,0.11278933535019557,0.09853435878423934,0.04928569568853293,0.08248121605616376,26.026762057581674,230,5.545237952134978,56.394667675097786,39.413743513695735,24.642847844266466,31.49912424629874,15.880575464227583,230,14.937384875513096,14.110520855287458,15.228262852934348,18.45583276316961,15.683000336726128,0.6159724809553312,230,0.6739575841896971,0.45707110895050895,0.5282448527026684,0.7152504644223622,0.5936310025663092,29.93022654191503,159,46.69493950737847,34.48822348168556,19.584974237850734,33.589379075638256,159.75097042906518,153,143.4004923502604,187.3645839691162,116.45336087544759,149.07281239827475,0.3687464257826015,158,0.3470736477110121,0.2958638919667611,0.4932666159168418,0.37873471853153834,230,159,False
175,44.1,5e-05,0.09665125260750453,10.362743947619483,0.0780542191684894,230,0.06933927024439188,0.11289709309736888,0.09840977465377208,0.04933552796553288,0.08249541649026643,26.01515775627416,230,5.54714161955135,56.44854654868444,39.36390986150884,24.66776398276644,31.506840503127766,15.880331937849208,230,14.937781873633867,14.104571735958684,15.231401510872642,18.450016875565304,15.680942999007623,0.615828565540521,230,0.6738841970201949,0.45645619100994533,0.528285783973146,0.7147825477378709,0.5933521799352892,29.917926212526716,159,46.73362011379666,34.4555409614076,19.59869350705828,33.595951527420844,159.58850997725344,153,143.6693572998047,186.95195927090114,116.63595326741536,149.08575661270706,0.3699584123383783,158,0.34459249509705436,0.29806834517387293,0.4934239391503589,0.3786949264737621,230,159,False
176,43.7,4.8e-05,0.09635454531581629,10.351537336621966,0.07807324681754993,230,0.06933174636477316,0.11280892541011174,0.09843296767707835,0.04939845510359321,0.08249302363888911,26.024699179374654,230,5.546539709181853,56.40446270505587,39.37318707083134,24.699227551796607,31.505854259216417,15.877293725255909,230,14.939252229707048,14.114157139846057,15.226115773669306,18.443006277073742,15.680632855074037,0.6157893622698991,230,0.6738761810349746,0.4565523631042904,0.5283779010493704,0.7144616161073957,0.5933170153240078,29.92759275736299,159,46.69015757242838,34.459462348451005,19.62654231275831,33.59205407787923,159.61133657717238,153,143.6373579237196,187.01312556796603,116.6040180347584,149.08483384214802,0.36781826635907583,159,0.34348951280117035,0.2948856085967372,0.4941509201390935,0.3775086805123337,230,159,False
177,43.9,4.6e-05,0.09567886819796903,10.285502826599847,0.07797936512076337,230,0.06932837623630611,0.11265951560603248,0.09821873344480991,0.04940076215591814,0.08240184686076665,25.98695093539098,230,5.546270098904489,56.329757803016236,39.287493377923965,24.70038107795907,31.465975589450938,15.881214945245283,230,14.93971999703039,14.124727479791753,15.235074350157264,18.441781810434804,15.685325909353553,0.6160607724086098,230,0.6738293775370423,0.45688094364272225,0.5288933702605836,0.7147176169923374,0.5935803271081714,29.875306165443277,159,46.62817255655924,34.38507205881971,19.612917031560624,33.54205388231319,159.4495853598601,153,143.39088185628256,186.696465004815,116.71456986886484,148.9339722433208,0.36823071699564597,159,0.3438502334886127,0.2954082848805132,0.49438666289539207,0.3778817270881727,230,159,False
178,44.0,4.4e-05,0.09621716712911924,10.333991314115979,0.07794234035941569,230,0.06933578237576384,0.11251967234743966,0.09811359532970063,0.04943826289049217,0.08235182823584908,25.97177528168844,230,5.5468625900611075,56.25983617371983,39.245438131880256,24.719131445246084,31.44281708522682,15.880512110008393,230,14.939774590192409,14.134229735122354,15.238728510795408,18.43116503156071,15.68597446691772,0.6162287331145743,230,0.6738230447534105,0.4568411343627506,0.5292365956813732,0.7148457542061806,0.5936866322509287,29.848509404644275,159,46.565789540608726,34.339483464017825,19.623382925987244,33.509551976871265,159.465718188317,153,143.2307883368598,186.67427486843533,116.82394536336263,148.90966952288593,0.3695311296651659,158,0.34374469849798417,0.29767915013907176,0.4930009863871549,0.3781416116747369,230,159,False
179,44.0,4.2e-05,0.09583249237565768,10.302932046708607,0.07790920835636232,230,0.06933815635635819,0.11248288138045205,0.0980075912827507,0.049483023351058364,0.08232791309265483,25.959233827726997,230,5.5470525085086555,56.24144069022603,39.20303651310028,24.741511675529182,31.433260346841035,15.879979849131846,230,14.939313391785499,14.133111496992926,15.243479766576298,18.421768088436526,15.684418185947813,0.6162830023661904,230,0.6737957382705849,0.45689627528190613,0.5295542034697025,0.7145612772021975,0.5937018735560977,29.838039098295777,159,46.56371561686198,34.30740466016404,19.647834607533046,33.506318294853024,159.3072559381622,153,143.18431515163846,186.38464982774522,116.86542291994448,148.8114626331094,0.370182989384755,158,0.3431793981128269,0.2987933206867667,0.49308069492690265,0.37835113790883207,230,159,False
180,44.0,3.999999999999999e-05,0.09627161018905185,10.341842165447417,0.0778418633762909,230,0.06933900745401919,0.11237135777870814,0.09784758582394174,0.04949185285451157,0.08226245097779517,25.931990344563257,230,5.547120596321536,56.18567888935407,39.139034329576695,24.745926427255785,31.40444006062702,15.883933095353418,230,14.940787646392856,14.142882467764913,15.252181208526848,18.41995916474974,15.68895262185859,0.6163786723561909,230,0.6738152881743202,0.4571282598707411,0.5297573681207414,0.7145511114171573,0.59381300689574,29.790689144494397,159,46.487046559651695,34.23563198333091,19.646191937582834,33.45629016018848,159.33496440314,153,143.43535359700522,186.39937841627332,116.87754284894025,148.9040916207396,0.36936860791660986,158,0.34145869976944393,0.2976102772924889,0.4930242136553196,0.3773643969057508,230,159,False
181,43.9,3.799999999999999e-05,0.09544872504969439,10.259578475498017,0.07785490674331136,230,0.06935771856404527,0.11237376431624095,0.09785411974534075,0.04951034639296787,0.08227398725464871,25.93581905345554,230,5.5486174851236205,56.186882158120476,39.1416478981363,24.755173196483934,31.408080184466083,15.881709615389799,230,14.939545722850301,14.143884024245375,15.249727209653344,18.416359844493922,15.687379200310735,0.6163642225058182,230,0.6737727619392772,0.4570964044994778,0.5297233364049424,0.7146079252873149,0.5938001070327531,29.78557743816256,159,46.542854732937286,34.22512145752602,19.640351840427943,33.46944267696375,159.41664340449316,153,142.9768125745985,186.51081390380858,116.99966437728317,148.82909695189676,0.36883660400274526,158,0.3423694786098268,0.29684556563515013,0.49264679501564906,0.37728727975354204,230,159,False
182,44.0,3.6000000000000014e-05,0.09556293175334023,10.278035263788132,0.07788710347174302,230,0.06938250129386572,0.11232200264930725,0.09789346808448751,0.0495534318366221,0.08228785096607065,25.947096133361693,230,5.550600103509258,56.161001324653625,39.157387233795006,24.77671591831105,31.411426145067235,15.87797238170575,230,14.935629522151562,14.149288800295679,15.247597247607272,18.408682343603875,15.685299478414597,0.6161885258944139,230,0.6737166366107027,0.4569328758451674,0.5294225900731189,0.7144885786942073,0.5936401703057991,29.79659771469404,159,46.50678719414605,34.24261419823829,19.648075308118546,33.4658255668343,159.41943471571977,153,143.06040615505643,186.40735808478462,117.16606719405563,148.87794381129888,0.36913593046962506,158,0.34221627977159286,0.29752566400284486,0.49238649542842594,0.37737614640095457,230,159,False
183,43.9,3.4000000000000007e-05,0.09556156334777673,10.277538065683274,0.07791285987781442,230,0.0693882722145235,0.11255692276689741,0.09790530313361198,0.04959427937865257,0.08236119437342136,25.958742430676583,230,5.55106177716188,56.27846138344871,39.162121253444795,24.797139689326286,31.447196025845418,15.874720150534937,230,14.935370112618433,14.133895609570699,15.245033837430597,18.402430632544903,15.679182548041158,0.6160196954789369,230,0.6737226659143475,0.45616313483979964,0.5292288959026337,0.7142363616398403,0.5933377645741553,29.808469394467913,159,46.605797661675346,34.23863936485128,19.67254204409463,33.50565969020709,159.53450027166627,153,143.29097578260632,186.51381806267634,117.27622470149288,149.02700618225853,0.36872276087008604,158,0.3412456462780635,0.296720400097109,0.4927140748560695,0.37689337374374726,230,159,False
184,44.0,3.2000000000000005e-05,0.09565823280385562,10.291349731172835,0.07795923421078402,230,0.06939851531995014,0.11268508351511425,0.09796444409863746,0.049651888997427056,0.08242498298278222,25.978184490748074,230,5.551881225596012,56.34254175755713,39.18577763945498,24.82594449871353,31.476536280330414,15.870706702483515,230,14.935333418391705,14.12845172837769,15.240590784619176,18.394326242067784,15.674675543364089,0.6158606638079104,230,0.6737093325232116,0.45583733585145736,0.5289928212444833,0.7140487294111934,0.5931470547575864,29.833178310274327,159,46.65985573662652,34.264246818867136,19.69102587018694,33.53837614189353,159.6377586663938,153,143.62374793158637,186.45106993781195,117.61790833649812,149.2309087352988,0.36846140552830847,158,0.34126198126210106,0.29699269145406704,0.4915218560158142,0.3765921762439941,230,159,False
185,44.2,3.0000000000000008e-05,0.09488633337120216,10.20539000147865,0.0779354011963891,230,0.06942827697895781,0.11255938725339042,0.0978854729377843,0.04966902978984373,0.08238554173999406,25.96563683676979,230,5.554262158316626,56.279693626695206,39.15418917511372,24.834514894921863,31.455664963761855,15.870635355252197,230,14.93453554661463,14.14318410607071,15.240273973075908,18.393208883474916,15.67780062730904,0.6157335662323495,230,0.6736570311264253,0.4553552402390374,0.5288617274862655,0.7138905621000698,0.5929411402379495,29.817996858800733,159,46.53764216105143,34.245092270222116,19.69971513748169,33.494149856251745,159.61053232429853,153,144.2986297607422,186.1923258887397,117.85952681082266,149.4501608201015,0.3680678408952501,158,0.33990319404337144,0.29705415498365156,0.49052774467106375,0.3758283645660289,230,159,False
186,43.9,2.8000000000000003e-05,0.09557267221666518,10.276634877068656,0.0779564089263263,230,0.06945168793621198,0.11252889782190323,0.09791250166265254,0.04968516023031303,0.0823945619127702,25.972000768003255,230,5.5561350348969585,56.264448910951614,39.165000665061015,24.842580115156515,31.457041181516527,15.869353633249931,230,14.932961578740448,14.150678683004408,15.236425897422276,18.395195018788904,15.67881529448901,0.6155712345372075,230,0.6735962184382157,0.4550696975655026,0.528686431177119,0.7136410826018879,0.5927483574456813,29.83103933874166,159,46.503119998508026,34.26234803301223,19.713329638753617,33.49293255675796,159.60796737670898,153,144.52434963650174,186.14664573669432,117.89077306676793,149.520589479988,0.368050031428803,158,0.3404221451944775,0.29686448274440663,0.49070908506733496,0.375998571002073,230,159,False
187,43.9,2.6000000000000002e-05,0.09508545042148658,10.232033132371448,0.07794174131653879,230,0.06946753637051918,0.11251019024186665,0.09786409856949715,0.04968907933549157,0.08238272612934364,25.964590392520893,230,5.557402909641534,56.25509512093332,39.14563942779886,24.844539667745785,31.450669281529876,15.87015782205446,230,14.932254811552966,14.155390121011436,15.237567903628948,18.396719882536456,15.68048317968245,0.6155750980843668,230,0.6735759843403185,0.4550851815276676,0.528730830296557,0.7136055891002927,0.5927493963162089,29.82274206029544,159,46.473533630371094,34.249261247350816,19.716493351118906,33.47976274294694,159.60578639211218,153,144.8188222249349,186.07027206420898,117.96280429981373,149.61729952965254,0.36808197370205736,158,0.3406095935238732,0.2967276396229863,0.49099633961200845,0.37611119091962264,230,159,False
188,44.0,2.4e-05,0.09418707410139697,10.13793115161714,0.07794445109270189,230,0.06947666309564046,0.11258825494183435,0.09788231044373613,0.049645521345415285,0.08239818745665656,25.96401766946782,230,5.558133047651237,56.294127470917175,39.152924177494455,24.82276067270764,31.45698634219263,15.871873875689513,230,14.93241032873989,14.153289371973393,15.237089130816145,18.404712061135314,15.681875223166186,0.6155937706646712,230,0.6735644097059545,0.45493801765971714,0.5287599696757945,0.7136716938444546,0.5927335227214802,29.828002395869802,159,46.53673977322049,34.261245686957174,19.70115407875606,33.49971317964457,159.4859803642323,153,144.64587232801648,185.96852056715224,117.821764698735,149.4787191979679,0.36835666685335666,158,0.34115317629443276,0.29677019112052455,0.4916133393209228,0.37651223557862673,230,159,False
189,44.0,2.2e-05,0.09480234771257355,10.195867265973773,0.07798643285489601,230,0.06951987832574777,0.11263699581225713,0.09794229114467794,0.049654640456927676,0.08243845143490262,25.97695421686639,230,5.561590266059822,56.31849790612856,39.17691645787117,24.827320228463837,31.47108121463085,15.869296951178328,230,14.930059231479675,14.155635061546887,15.232941429562876,18.403694346484393,15.680582517268459,0.6154871308285257,230,0.6734894148900475,0.45469456911087036,0.5286002511039694,0.713636016207082,0.5926050628279923,29.838284798388212,159,46.55292722913954,34.27728801077985,19.70081901550293,33.510344751807445,159.6152548447154,153,144.78336588541666,186.1550006866455,117.85432660138166,149.59756439114793,0.36727700438026245,158,0.3404546032349269,0.29509270162151385,0.491465250217256,0.3756708516912322,230,159,False
190,44.2,1.9999999999999995e-05,0.09449292973038696,10.173189419791813,0.07804105496438948,230,0.06952110423483479,0.11272171388069789,0.09807275754815721,0.049644814405058114,0.082490097517187,25.998774224649306,230,5.561688338786784,56.360856940348945,39.22910301926288,24.822407202529057,31.493513875231915,15.865880868015816,230,14.93013397102139,14.151239090200097,15.225056988013817,18.403510339571774,15.67748509720177,0.6154499377893365,230,0.6734708597962286,0.4546479913923476,0.5285306851914588,0.7136310413479805,0.5925701444320038,29.85722895088436,159,46.59786181979709,34.31453948325299,19.68485598904746,33.532419097365846,159.84525515986425,153,144.8274900648329,186.48277312384712,117.95235273573134,149.75420530813713,0.36612473795031303,158,0.3404577457242542,0.29356422134104276,0.4907520767841821,0.3749246812831597,230,159,False
191,43.7,1.7999999999999994e-05,0.09471312154616629,10.198276213237218,0.07802887441509444,230,0.06954270026738375,0.11279898964696461,0.09804565082997718,0.04960048770798104,0.08249695711307664,25.990991817220397,230,5.5634160213907,56.3994948234823,39.21826033199087,24.80024385399052,31.4953537577136,15.867825572320143,230,14.92910160915459,14.149660885020985,15.226477317801727,18.410675920448313,15.678978933106404,0.6155712114728016,230,0.6734502239966057,0.45481838451491463,0.5286822582178927,0.7138734821762357,0.5927060872264122,29.84540664624868,159,46.66621865166558,34.30448726897544,19.657176528658187,33.542627483099736,159.75573441249873,153,144.56609598795572,186.42062780592175,117.84585182755082,149.6108585404761,0.36416808479617835,159,0.34094993273417157,0.29069535326252277,0.49122880145192277,0.37429136248287237,230,159,False
192,44.0,1.5999999999999992e-05,0.09439540065470196,10.157544047491891,0.07799736214396746,230,0.06955571304744398,0.11273939162492752,0.09795808593960519,0.049611126139227836,0.08246607918780113,25.977127285431262,230,5.564457043795518,56.36969581246376,39.183234375842076,24.805563069613918,31.48073757542882,15.869524195089625,230,14.928471208158037,14.157807404516227,15.230593871737387,18.410232473347012,15.681776239439666,0.6155655060125433,230,0.6734337332383008,0.4546089768409729,0.5287490401496279,0.713792513523783,0.5926460659381712,29.8221510761189,159,46.6247189839681,34.26754206799446,19.659832068852015,33.517364373604856,159.75699977002114,153,144.6402825249566,186.44559398227267,117.79546229044597,149.62711293255842,0.3637876226068855,159,0.3406667411327362,0.28998843519056733,0.49138068600690793,0.37401195411007054,230,159,False
193,44.1,1.3999999999999991e-05,0.09446547059785752,10.172197945912679,0.07802419838212106,230,0.0695758172324006,0.11275710579421785,0.09800042830249096,0.04962193556795163,0.08248882172426526,25.98620833926227,230,5.5660653785920475,56.378552897108925,39.20017132099638,24.810967783975816,31.488939345168294,15.867489015676094,230,14.928018257980073,14.160175154012602,15.22590768748179,18.409933540705616,15.68100866004502,0.615485272070636,230,0.6733978621556725,0.4542517728275723,0.5286678963519157,0.7137020741190229,0.5925049013635458,29.825128843199533,159,46.60957336425781,34.27478023285561,19.65857114110674,33.51430824607339,159.89883303174784,153,144.95206366644965,186.6246704949273,117.84689882066515,149.8078776606807,0.363144242755319,159,0.340134181910091,0.28897404243694025,0.49134226735415204,0.37348349723372776,230,159,False
194,44.0,1.200000000000001e-05,0.09422480595253763,10.149379612150646,0.0780491592362523,230,0.06959482208943703,0.11273755547073153,0.09805195584417657,0.049617007274978926,0.08250033516983102,25.994118837072797,230,5.567585767154962,56.36877773536576,39.22078233767063,24.808503637489462,31.491412369420203,15.865920334401148,230,14.92677675168326,14.159131307333029,15.222299448623055,18.411289242967644,15.679874187651746,0.6155084131852441,230,0.6733797364671466,0.4541005293528239,0.5286975097148976,0.7137946976082665,0.5924931182857837,29.82465112434243,159,46.56109322441949,34.28311216070297,19.65102047579629,33.49840862030625,160.07576724283055,153,145.415894402398,186.86783175998264,117.86563852098253,150.04978822778773,0.3622970384598341,159,0.3393288254737854,0.2875732834589608,0.4914175185840577,0.37277320917226797,230,159,False
195,44.2,1.000000000000001e-05,0.09406544848212174,10.12687384060451,0.07806917978045733,230,0.06959095313935212,0.11280606769853169,0.09810973882199601,0.04959613603672811,0.08252572392415199,26.00226916178413,230,5.56727625114817,56.40303384926584,39.243895528798404,24.798068018364056,31.503068411894116,15.864327992128414,230,14.926226995721443,14.15218119985098,15.217894766579436,18.413956832789047,15.677564948735228,0.6154910710842713,230,0.6733818612468074,0.45402490430408055,0.5285848068430069,0.7139221110514232,0.5924784208613295,29.8414242222624,159,46.587129804823135,34.302673928281095,19.661623818533762,33.51714251721267,160.08861703810348,153,145.5956776936849,186.9905867682563,117.66749071191859,150.08458505795326,0.3622799134233369,159,0.3387447347243627,0.2870332303536224,0.4923692851526929,0.37271575007689267,230,159,False
196,44.0,8.000000000000008e-06,0.09454781031679539,10.181686548959641,0.07805137408330388,230,0.06958914369764463,0.11291706893179151,0.09806699947790896,0.049579201166384985,0.08253810331843252,25.99534764966887,230,5.56713149581157,56.45853446589576,39.226799791163586,24.78960058319249,31.510516584015853,15.864320391946187,230,14.9261001828056,14.142013701594099,15.217461310489812,18.416448047643502,15.675505810633254,0.6154900418675464,230,0.6733645872331001,0.4538277288277944,0.5285935956746974,0.7139567211270332,0.5924356582156562,29.843047975744092,159,46.66264004177518,34.29665035897113,19.664209536143712,33.54116664563001,159.92188843870474,153,145.45515950520834,186.78908721076118,117.55434530752676,149.93286400783208,0.3629178197808423,159,0.3390276978413264,0.28774994290731054,0.49293195413026425,0.3732365316263004,230,159,False
197,44.2,6.000000000000005e-06,0.09340449250524953,10.070697818483625,0.07802287646285866,230,0.06959616872941105,0.11303993231720394,0.09797878040278211,0.04958158674915986,0.08254911704963924,25.983793504050244,230,5.567693498352884,56.519966158601974,39.19151216111285,24.79079337457993,31.517491298161907,15.864079254449372,230,14.924893357905722,14.131794939681594,15.219133009581748,18.415823977754123,15.672911321230796,0.6154825578565183,230,0.673347811883604,0.4536517692936791,0.5286118121857338,0.7139449534671647,0.5923890867075454,29.8372795536833,159,46.75075319078233,34.272922353541595,19.67349944795881,33.56572499742758,159.73624275556577,153,145.30192481146918,186.53697797987195,117.47407037240488,149.770991054582,0.3638308554559759,159,0.33940131962299347,0.28890777450609717,0.49352077388071586,0.37394328933660215,230,159,False
198,44.0,4.000000000000004e-06,0.09409765464564164,10.13851762499128,0.0780163681053597,230,0.0696009848214371,0.11298746450079812,0.09796613863015428,0.04957840232444661,0.08253324756920903,25.980431572250698,230,5.5680787857149685,56.49373225039906,39.186455452061715,24.789201162223303,31.509366912599763,15.863693816238749,230,14.924922275865754,14.135542091758303,15.217660739456234,18.416073353816664,15.673549615224239,0.6155003714820613,230,0.6733477631924858,0.4537655777401394,0.528636745315917,0.7139580356223243,0.5924270304677166,29.836613919000207,159,46.72334671020508,34.27144079005465,19.6785010440009,33.557762848086874,159.62024726119697,153,145.25328911675348,186.44771389431423,117.30229589674208,149.66776630260327,0.36421695448247327,159,0.3393690238396327,0.2892437746371836,0.49405820950466606,0.3742236693271608,230,159,False
199,44.1,2.000000000000002e-06,0.09377542324364185,10.101542438779559,0.0780212970369536,230,0.06961664602055516,0.11295153035057916,0.09797706863188997,0.04956621833012572,0.0825278658332875,25.98041882511714,230,5.569331681644413,56.47576517528958,39.19082745275599,24.78310916506286,31.50475836868821,15.863132862947378,230,14.923421293393263,14.13903673498185,15.21595343639217,18.41797666091562,15.674097031420725,0.6154621211083039,230,0.6733059660649635,0.45372314916716683,0.5285619690697244,0.7139862648078373,0.592394337277423,29.837165268712074,159,46.70681042141385,34.27599231232988,19.675084045955114,33.55262892656628,159.58997349957235,153,145.20768653021918,186.46167907714843,117.20084536517108,149.6234036575129,0.36431616046846665,159,0.3398857232597139,0.28925575757835137,0.4942367284425667,0.374459403093544,230,159,False
