epoch,train_time_s,lr_G,train/G_L1,train/G_NCE,train/G_NCE_L0,train/G_NCE_L1,train/G_NCE_L2,train/G_NCE_L3,train/G_NCE_L4,train/G_total,val/mae_norm,val/mae_norm__n,val/mae_norm/brain,val/mae_norm/spine,val/mae_norm/abdomen,val/mae_norm/musculoskeletal,val/mae_norm__macro,val/mae_hu,val/mae_hu__n,val/mae_hu/brain,val/mae_hu/spine,val/mae_hu/abdomen,val/mae_hu/musculoskeletal,val/mae_hu__macro,val/psnr,val/psnr__n,val/psnr/brain,val/psnr/spine,val/psnr/abdomen,val/psnr/musculoskeletal,val/psnr__macro,val/ssim,val/ssim__n,val/ssim/brain,val/ssim/spine,val/ssim/abdomen,val/ssim/musculoskeletal,val/ssim__macro,val/mae_band_soft,val/mae_band_soft__n,val/mae_band_soft/spine,val/mae_band_soft/abdomen,val/mae_band_soft/musculoskeletal,val/mae_band_soft__macro,val/mae_band_bone,val/mae_band_bone__n,val/mae_band_bone/spine,val/mae_band_bone/abdomen,val/mae_band_bone/musculoskeletal,val/mae_band_bone__macro,val/dice_bone,val/dice_bone__n,val/dice_bone/spine,val/dice_bone/abdomen,val/dice_bone/musculoskeletal,val/dice_bone__macro,val/n_samples,val/n_bone_eligible,is_best,train/D_real,train/D_fake,train/D_acc_real,train/D_acc_fake,train/D_score_real,train/D_score_fake,train/D_total,train/G_GAN
0,35.7,0.0002,0.35764240501892,3.781492624964033,5.547957156953357,4.98500782421657,3.6522175050917127,2.798614639895303,1.9236658039547148,39.54573307945615,0.14676192603681398,230,0.18689812992660093,0.1663925035132302,0.14002745765003752,0.10402432523135628,0.14933560408030624,43.42635286048703,230,14.951850394128074,83.19625175661511,56.01098306001501,52.01216261567814,51.542811956609086,13.428254449919484,230,10.975049169869909,12.921419934141499,14.20277245068478,15.319940047304911,13.354795400500274,0.34490671663180644,230,0.30646556280028653,0.2170852952533298,0.32459175840337223,0.44828744498746737,0.324107515361114,43.10886528207071,159,58.08467271592882,48.21313776868455,32.13415312767029,46.143987870761215,173.4109519011055,153,171.6837446424696,160.21232418484158,195.69653263798466,175.86420048843195,0.0001595994262435638,153,0.0,5.49965641564793e-06,0.00044303228033068417,0.0001495106455821107,230,159,True,,,,,,,,
1,37.2,0.0002,0.29065675770952587,3.2829909404118855,5.2914497148422965,4.522028382619222,2.9640989246822538,2.2092818333989097,1.4280956126394726,32.34866658165341,0.14386435831370561,230,0.18394204921705623,0.16647391352388594,0.13677774845285617,0.10131327395460435,0.14712674628710068,42.493645491159484,230,14.715363937364497,83.23695676194296,54.711099381142475,50.65663697730218,50.83001426443803,13.588204131073262,230,11.100091674996598,13.017861200547243,14.370585862335265,15.521153917100927,13.502423163745007,0.35414134963699007,230,0.31462192997126515,0.22097432944509718,0.33372908577005916,0.4599116135920797,0.3323092396946253,42.2961497396793,159,59.46179962158203,47.07800739369494,31.51069494656154,46.016833987279504,166.98942580877565,153,165.05346171061197,154.94137700398764,187.39216783311633,169.12900218257198,0.0006634306976361675,153,0.0,3.6636702134273946e-05,0.0018186591397453514,0.0006184319472932084,230,159,True,,,,,,,,
2,40.7,0.0002,0.26876183783724195,3.1525371574220205,5.25479154586792,4.325384631611052,2.788900643303281,2.0835005402565003,1.3101081189655122,30.02872092837379,0.1404600274465654,230,0.1774075602141904,0.16629842585987514,0.13545281138825924,0.09786820418334433,0.14425675041141728,41.692840363992296,230,14.192604817135233,83.14921292993758,54.1811245553037,48.934102091672166,50.114261098512166,13.766536782163142,230,11.37457512026261,13.157757597307278,14.425663884697503,15.790650050384759,13.687161663163037,0.3689716127903565,230,0.32993925457269374,0.2269033756521013,0.3442310262867745,0.4828203038445541,0.3459734900890309,42.207317868118764,159,62.18341742621528,47.09556283342077,30.79160496166774,46.69019507376793,156.144979788587,153,150.62290954589844,144.17057927449545,177.02265901918764,157.2720492798605,0.008045976578010126,155,0.0007603189183606042,0.002960333526298991,0.017924681757533648,0.007215111400731081,230,159,True,,,,,,,,
3,39.2,0.0002,0.25263543852737974,3.0634696733383904,5.235738172985259,4.185316071056184,2.67905832529068,1.9906237999598184,1.2266117215156556,28.32701345171247,0.1369398699020562,230,0.1683147715430864,0.1681057016054789,0.13561667327551133,0.09437326242082886,0.1416026022112264,41.10496444579052,230,13.465181723446912,84.05285080273946,54.246669310204524,47.186631210414426,49.73783326170133,13.966319079584567,230,11.772721924147517,13.227099693827105,14.429520423893138,16.088773474992454,13.879528879215053,0.38256999772527944,230,0.3455621841507898,0.23214543031321633,0.3518118417643486,0.5052957572042942,0.3587038033581622,42.87787803314017,159,67.24436781141493,47.947062066260806,30.45284754889352,48.548092475523084,141.50689836888532,153,129.9324247572157,129.6792527940538,163.14871992888274,140.9201324933841,0.060568142734365,156,0.09844212689333492,0.04239022478890625,0.08556222628060452,0.07546485932094855,230,159,True,,,,,,,,
4,38.7,0.0002,0.24088084648052852,3.023814024244036,5.218622666313535,4.1114762760344,2.683743973573049,1.9331917155356635,1.1720353890032995,27.11189859481085,0.1334224122211985,230,0.15774002104577883,0.17164557344383663,0.13663881573271244,0.09104918708492603,0.13926839932681348,40.67550047810959,230,12.619201683662308,85.82278672191832,54.655526293084975,45.524593542463016,49.655527060282154,14.155886238267074,230,12.239492267697516,13.141675100909776,14.382864092869921,16.36759969923113,14.032907790177084,0.3931402953422588,230,0.36094719612262616,0.2360107335779402,0.35651923652659073,0.5206805744341442,0.36853943516532534,43.99602928401539,159,73.44935099283855,49.2255799313809,30.48428542273385,51.0530721156511,125.66558339237388,153,108.34967973497179,114.51341942681206,147.13850727787724,123.33386881322036,0.17880488660150937,157,0.35118696259127724,0.15644000453795207,0.18900600197311077,0.23221098970078002,230,159,True,,,,,,,,
5,53.7,0.0002,0.23216634137289865,2.9899255003247944,5.210392036892119,4.053011223248073,2.669600374358041,1.8861440144834065,1.1304796536763508,26.490038217817034,0.13017911891574446,230,0.14783428284064146,0.17759806911150613,0.1377351499618368,0.08749065268784761,0.137664538650458,40.29334761461486,230,11.826742627251317,88.79903455575307,55.09405998473472,43.74532634392381,49.86629087791573,14.302676483610519,230,12.646505458589074,12.868615084746363,14.30041864960682,16.636728836514937,14.113067007364299,0.4022553230109422,230,0.37550718116928156,0.2378800395462248,0.3604019953215376,0.5328394020242351,0.3766571545153198,45.099646946169294,159,79.81719546847873,50.46914770248088,30.50695037841797,53.59776451645919,112.44857673395693,153,95.3460939195421,102.92072177463108,131.1787488019025,109.81518816535856,0.2753426873318429,159,0.42822946939203477,0.25970382346434795,0.27702254742117866,0.3216519467591871,230,159,True,0.2811470805889084,0.27202544481981367,0.5060000115916843,0.5219094038009644,0.45013340541294644,0.4414642333984375,0.27658626224313465,0.2834785884334928
6,53.4,0.0002,0.22172432598613556,2.940200177828471,5.2101114545549665,4.001201206161863,2.590922212033045,1.8220725601627714,1.0766932873498827,25.343538057236444,0.12727792941681718,230,0.1398944196776605,0.1844085173474418,0.13798883327461303,0.08412130330024022,0.13660326839998888,39.86180545810772,230,11.19155357421284,92.20425867372089,55.19553330984522,42.06065165012011,50.162999301974764,14.406432601699436,230,12.936355914111314,12.503527519580855,14.226894447220909,16.877471478106667,14.136062339754936,0.41000775034013004,230,0.38830626052869877,0.23778603805436027,0.36409963065005363,0.5422606867338929,0.3831131539917514,45.77692135025121,159,84.93297153049045,51.15331292659678,30.45932742527553,55.51520396078758,104.12194904003267,153,92.24151611328125,96.94678247239855,118.06063214054814,102.416310242076,0.3341383457337094,158,0.4381423112418916,0.3010155029911944,0.37372946442866867,0.3709624262205849,230,159,True,0.21736207583120892,0.21294691669089452,0.5101951183307738,0.5371309657891591,0.45510137648809523,0.44081914992559523,0.21515449654488336,0.230905395817189
7,53.0,0.0002,0.2157886503707795,2.936275102978661,5.213590537934076,3.964129338945661,2.652245189462389,1.7980836697987148,1.0533265671559742,24.751969001406714,0.12469672473228496,230,0.133983655242433,0.19009874926673043,0.13720039436791806,0.0814228812897844,0.13567642004171648,39.36976972967386,230,10.71869241939464,95.0493746333652,54.880157747167225,40.7114406448922,50.339916361204814,14.483420106897071,230,13.096584759459251,12.179759901003564,14.210097443317942,17.070751926496452,14.139298507569302,0.4167459980301235,230,0.3993334581314678,0.2359366946750217,0.3678218424320221,0.5500039389090878,0.38827398353689985,45.858198855657996,159,88.23577880859375,51.12915408357661,30.19984151635851,56.52159146950962,101.0216999427945,153,94.0648701985677,95.69141370985243,111.06498195506909,100.27375528782973,0.3615303475091446,158,0.4381781501902474,0.3191155919686277,0.42147865290330216,0.39292413168739243,230,159,True,0.20834594170252482,0.20450768449476786,0.5399662835257394,0.565363769871848,0.46302897135416665,0.43358444940476193,0.20642681299220947,0.23682885929232553
8,52.9,0.0002,0.20884971214192255,2.90347215788705,5.218213921501523,3.9474706127530053,2.5831296438262576,1.7582168434347425,1.0103295194251196,24.048219426472983,0.12259407422464827,230,0.12971532281855463,0.19391921990447575,0.13601641745326368,0.07957201663936887,0.13480574420391572,38.92023167532423,230,10.37722582548437,96.95960995223787,54.40656698130547,39.786008319684434,50.382352769678036,14.534080505053936,230,13.175557601009128,11.954325569439385,14.222414925175505,17.194249882130446,14.136636994438616,0.4221893798397935,230,0.40864710845577884,0.23410899440447488,0.3709442694770529,0.5556048282555172,0.39232630014820596,45.65258037519155,159,90.18237813313802,50.79470285456231,29.864585859434946,56.947222282378426,100.87824079725478,153,96.65872192382812,96.30992516411675,109.19535333138926,100.72133347311137,0.37298748704097884,158,0.43630247314771015,0.32995258224137286,0.4361774175173857,0.4008108243021562,230,159,True,0.20246134875785737,0.19904804002671014,0.5804206496193296,0.6007632414499918,0.48083031063988096,0.41679803757440476,0.20075469449872063,0.25977613010576794
9,53.1,0.0002,0.20207970823560442,2.8716607933952694,5.222338542484102,3.8946023248490835,2.5463315577734082,1.7079715762819563,0.9870597755625135,23.39351813906715,0.12071632260213727,230,0.12653467861909262,0.19677545461389753,0.13431382662755378,0.07829130753608686,0.1339788168491577,38.463317445762776,230,10.12277428952741,98.38772730694876,53.72553065102151,39.14565376804343,50.34542150388528,14.580418897111866,230,13.213920722993242,11.787527400119812,14.273980313932837,17.276179980222206,14.137902104317025,0.42673403458750764,230,0.41654875160942617,0.2325871934493383,0.37433075968255386,0.558812329279525,0.3955697585052108,45.16315068538834,159,91.57732391357422,50.124391839859335,29.375932335853577,57.02588269642904,102.77333230909959,153,98.72651841905382,98.25884068806967,110.97195399249041,102.6524376998713,0.3755988942081981,158,0.435050818655226,0.33690115952111305,0.43200834403661165,0.4013201074043169,230,159,True,0.18087797576472872,0.1766221893330415,0.6530496195668266,0.676657423377037,0.5244710286458333,0.3734712146577381,0.17875008306332996,0.31388656617630095
10,53.6,0.0002,0.19802463132710685,2.854407962163289,5.220083606810797,3.870544561885652,2.5221288925125487,1.6926574704192934,0.9666250375055131,23.024222237723215,0.11931390597120575,230,0.1243116748584828,0.19802761243449318,0.1329755811615193,0.07739493423806769,0.13317745067314074,38.10501991082793,230,9.944933988678624,99.01380621724658,53.190232464607725,38.697467119033846,50.21160994739169,14.612429688367898,230,13.223523650315437,11.70599284975065,14.32276877411993,17.326686584592697,14.144742964694679,0.4299026780802271,230,0.42271713597673766,0.23144353760613334,0.37649699221266075,0.5605533963867596,0.3978027655455728,44.60018168155502,159,91.88546752929688,49.49260423538533,28.788480026381357,56.722183930354525,105.8353026894962,153,100.76581488715277,101.2446923997667,114.33123447276928,105.44724725322959,0.3741468172520399,158,0.4321695930427975,0.34060771771250886,0.4219735513356599,0.39825028736365536,230,159,True,0.16809358742265473,0.165356386665787,0.712597899493717,0.7256587487601098,0.5600330171130953,0.33705880301339286,0.16672498707969982,0.36735121018829797
11,53.1,0.0002,0.19418812628303256,2.8320240463529314,5.224515356336322,3.870254197574797,2.4798216802733286,1.6503471610091982,0.9351815826836086,22.72973868960426,0.11840944000236366,230,0.12254299223423004,0.19926087061564127,0.1322950374414312,0.07686673922996436,0.1327414098803167,37.9099139995549,230,9.803439378738403,99.63043530782063,52.918014976572486,38.433369614982176,50.196314819528425,14.620226982285208,230,13.222983357906344,11.63941550204601,14.335895072516312,17.348062699630358,14.136589158024755,0.43188492934341016,230,0.4279060256733021,0.23118065132035148,0.3776160113989039,0.56027991058571,0.3992456497445669,44.34310285100397,159,92.63628472222223,49.204642153800805,28.421257649149215,56.75406150839075,107.95871657327889,153,101.67679002549913,103.03439983791775,117.21289889017741,107.30802958453143,0.3747719897405256,158,0.4355151851971944,0.3453689325363078,0.4150846918875521,0.3986562698736848,230,159,True,0.11523914684851964,0.11956176913032929,0.8163690655004411,0.8059391714277722,0.6516217912946428,0.24731786364600772,0.11740045788742247,0.4789020271528335
12,53.1,0.0002,0.18984127051773525,2.8173465524400982,5.234645729973202,3.8700335309618996,2.429975746359144,1.6336780020168848,0.9183995217084885,22.322394661676316,0.11782003571481808,230,0.12131392084796663,0.2007913738489151,0.13174023645672392,0.07668955790411149,0.1326337722644293,37.79723810793265,230,9.705113667837331,100.39568692445755,52.69609458268957,38.34477895205574,50.285418531760044,14.612644808089346,230,13.193902620690002,11.560061299308956,14.344249226789014,17.352522156778782,14.112683825891688,0.4329064112642537,230,0.4318800908578953,0.23060493336783516,0.3781365730026935,0.5586554620947156,0.3998192648307849,44.16520884651808,159,93.84606085883246,48.92360675081294,28.193475433758326,56.987714347801244,110.17512459848442,153,101.58732096354167,105.2099075741238,119.88178691157589,108.89300514974713,0.37538876252461084,158,0.4408092366324531,0.3494004477608077,0.40909998653964563,0.3997698903109688,230,159,True,0.11103699127478259,0.11448052498024135,0.8339781964109058,0.8235509467976434,0.6694452194940477,0.22960418746584937,0.11275875841577848,0.5209212413855961
13,53.1,0.0002,0.18696525139468056,2.8164237397057668,5.246095802670434,3.871681429090954,2.4519972261928378,1.603754263548624,0.9085897198745183,22.040234674726214,0.11736076087083505,230,0.12033347638560013,0.20225236647658879,0.13137073909982722,0.07643173934359636,0.13259708032640313,37.7098186382133,230,9.62667811084801,101.12618323829439,52.548295639930885,38.21586967179818,50.379256665217866,14.605640635378611,230,13.172107685137242,11.484047101736603,14.344046486481,17.363944765133805,14.091036509622162,0.433759422470694,230,0.43501765501331274,0.23021624982357025,0.3789275567582313,0.5569156621183667,0.4002692809283703,44.04317119286495,159,95.04795159233942,48.702814751483025,28.02442979812622,57.25839871398289,111.71965652665281,153,100.97817484537761,107.09162415398492,121.22329076131184,109.76436325355813,0.3772246744159515,158,0.4434199151065614,0.3523276175788425,0.40894405944272877,0.4015638640427109,230,159,True,0.09566154501267841,0.1010649300402119,0.8560330896150499,0.8433664235330763,0.6885928199404762,0.21016395205543154,0.09836323727809247,0.5272857428306625
14,53.0,0.0002,0.18606468566826412,2.872713544255211,5.24934648559207,3.989089660417466,2.4833602763357616,1.688619216566994,0.9531518995761872,22.024476668948218,0.11715826988220215,230,0.11942641730879394,0.20340682400597465,0.13176554774350308,0.07590184892926898,0.13262515949688516,37.71003966746123,230,9.554113384703514,101.70341200298733,52.70621909740123,37.95092446463449,50.478667237431644,14.589669974864714,230,13.1497591974997,11.422876755647186,14.309437659537352,17.394610007126246,14.069170904952621,0.43499814790228136,230,0.43798536335078764,0.22969529198275673,0.3785456314365915,0.5589654685131141,0.4012979388208125,44.08811365883305,159,95.66897583007812,48.820021690206325,27.855486614363535,57.44816137821599,113.00260182299645,153,101.9061525132921,108.92102542453343,121.65463737205222,110.82727176995924,0.3806172390822085,158,0.44077079660362667,0.3548688784320938,0.4147802187807181,0.40347329793881287,230,159,True,0.09739822773706346,0.10230425739926952,0.8550939362673532,0.843653457789194,0.6954996744791667,0.20302779106866745,0.09985124264799414,0.5452945780541215
15,53.3,0.0002,0.17946518262227376,2.7980466876711163,5.24972197668893,3.8524061509541103,2.399048948855627,1.6006259872799828,0.888430137577511,21.317489079066686,0.1169692873954773,230,0.11883119714092201,0.20342712104320526,0.13189172578301836,0.07566526412431683,0.13245382702286562,37.68756317120531,230,9.50649577127376,101.71356052160263,52.75669031320734,37.83263206215842,50.45234466706054,14.571308303777753,230,13.11937085438783,11.391133591778761,14.286391386889225,17.401510473459844,14.049601576628914,0.4355941716743552,230,0.4399039646689321,0.2296226504776213,0.3782913947993137,0.5594193397888115,0.40180933743366964,44.05284371166109,159,95.7419204711914,48.8072389643243,27.76507862976619,57.43807935509397,114.04037385828354,153,102.93963707817926,110.32688234117296,122.07964918348524,111.78205620094582,0.383505978786587,158,0.44291828241613174,0.35721934432203467,0.41871021345935083,0.4062826133991724,230,159,True,0.09072546946505705,0.0954693642666652,0.8712863950502305,0.859072112469446,0.7110200427827381,0.18752678235371908,0.09309741675498939,0.5729241708914439
16,53.2,0.0002,0.17475476325267836,2.75777420543489,5.2560694285801475,3.81913237344651,2.3295227164313905,1.5388346464861007,0.8453116560266132,20.841670181637717,0.11687673589457637,230,0.11826374208633329,0.20456921226448482,0.13210238952268946,0.075467429323388,0.1326006932992239,37.70624946673279,230,9.461099366906662,102.28460613224242,52.84095580907578,37.733714661694,50.58009399247972,14.550249932680238,230,13.09986418665875,11.319991537303626,14.256433524704283,17.40147235903121,14.019440401924466,0.43589512498482413,230,0.4414806999790836,0.22899654507637024,0.3778789369983876,0.5594492868653366,0.4019513672297945,44.09838993144485,159,96.5599594116211,48.79934623393606,27.776175328663417,57.71182699140686,115.08552922766194,153,103.59575483534071,112.15698856777615,121.88139272619176,112.54471204310288,0.3866760866787237,158,0.44659825497203404,0.35734050003613566,0.4270078254016963,0.4103155268032887,230,159,True,0.08251755049540883,0.08369628187446367,0.8887791230565025,0.8867658944357009,0.7326950799851191,0.16603491192772274,0.08310691627363363,0.6084197007474446
17,53.1,0.0002,0.17260198493798573,2.7408347697485063,5.254688757941836,3.8242271025975545,2.291979794275193,1.5063160388242631,0.8269619355599086,20.624001003447034,0.11666387313086053,230,0.11793943421101906,0.2042408718003167,0.131832758162884,0.07550971210002899,0.13238069406856218,37.65288502237071,230,9.435154736881525,102.12043590015836,52.7331032651536,37.754856050014496,50.51088748805199,14.534252376675354,230,13.07380547641417,11.307101274331217,14.254549684840768,17.374040642248428,14.002374269458645,0.4357063042728797,230,0.4425274679358576,0.22966307898362479,0.377464123228763,0.5579357940171447,0.4018976160413475,43.9725982618032,159,96.26409912109375,48.587542797656766,27.82209300994873,57.55791164289975,116.38944513657513,153,104.75376807318793,114.11112280951606,122.12592852557147,113.66360646942515,0.3911581156956281,157,0.4484306491083569,0.3577490000727963,0.4397693021369546,0.4153163171060359,230,159,True,0.07181286590972118,0.07475196413607114,0.904687188636689,0.8960330890757697,0.7529459635416667,0.14717076619466146,0.07328241494972082,0.6229677242892129
18,53.0,0.0002,0.16996619197584334,2.72502175512768,5.250745033082508,3.8360598337082634,2.2598378533408754,1.469919422694615,0.8085464175258364,20.343662756965273,0.11657368352879649,230,0.11771346717863015,0.20447969105508593,0.13174637827150365,0.07553239758791667,0.1323679835232841,37.64061764692483,230,9.417077374290413,102.23984552754297,52.69855130860146,37.76619879395834,50.5304182510983,14.514578065795746,230,13.048466010471564,11.280818100930889,14.243099865737419,17.34880568039009,13.980297414382491,0.43541941850081733,230,0.44320275540083226,0.2292712496386634,0.37672775349718457,0.5572003668972424,0.4016005313584807,43.915394369161355,159,96.53739929199219,48.44858863505911,27.84899606023516,57.61166132909548,117.47816389993905,153,104.89590454101562,115.71389723883735,122.51565156159577,114.37515111381624,0.39130387210382067,157,0.4492081966665056,0.35614777994441227,0.4428507932504915,0.41606892328713646,230,159,True,0.07416828455226053,0.07462927550964413,0.8997024013882592,0.8999166870401019,0.7538132440476191,0.14399390447707403,0.07439877991342829,0.622021849666323
19,53.2,0.0002,0.16803207684840474,2.7087477025531586,5.258412806193034,3.8247902972357615,2.2214233029456367,1.4495484056926908,0.7895634760459264,20.112427252814882,0.11676289766379025,230,0.11756022673257639,0.20489012863900927,0.13233050600962437,0.07545735075005464,0.13255955303281616,37.73121962469557,230,9.404818138606112,102.44506431950464,52.93220240384974,37.728675375027315,50.62769005924695,14.478818273149603,230,13.020314319777762,11.25094725126142,14.189144652583387,17.332995777071368,13.948350500173484,0.43484910661759585,230,0.4435957275645834,0.22833743360307482,0.37552646278066837,0.5565263118062701,0.4009964839386492,44.07386601046196,159,96.77884928385417,48.633545490021405,27.949674572263444,57.787356448713005,118.26388477499968,153,105.709718492296,117.11569048563639,122.26990297105577,115.03177064966273,0.3926076617249092,157,0.4472520682546828,0.3549770491712905,0.4490054010077276,0.41707817281123366,230,159,False,0.10739864976633162,0.11081500864986862,0.867652134952091,0.8625390406875383,0.7182396298363095,0.18111592020307268,0.10910682908835866,0.6004719307734853
20,53.3,0.0002,0.16643746647806396,2.705114347594125,5.25980620157151,3.837529795510428,2.207741491567521,1.4356569415047056,0.7848371061540785,19.93069100607009,0.11682158310128295,230,0.1174276379317465,0.2043485873275333,0.13274754377755713,0.07525348962683763,0.13244431466591863,37.7607086174514,230,9.394211034539719,102.17429366376665,53.09901751102285,37.62674481341882,50.57356675568701,14.451942662075092,230,12.996277483191525,11.258781290837362,14.139983449740607,17.334350626384282,13.932348212538443,0.4345871895551682,230,0.44386864380097724,0.2272062765227424,0.3745964210718236,0.5568474967564855,0.4006297095380072,44.10746937877727,159,96.2818357679579,48.740977023510226,27.94462980542864,57.655814198965594,119.04315557043537,153,106.62667253282335,118.46517634921604,122.07586811206959,115.72257233136965,0.3922234790571698,157,0.4466701000928879,0.35224295712690407,0.45274476557797577,0.4172192742659226,230,159,False,0.07776945960663614,0.07741857154206151,0.895706369763329,0.8933928796223232,0.7232305617559524,0.17476773716154553,0.07759401571182978,0.5818300785053344
21,53.0,0.0002,0.1648046839450087,2.6892795437858217,5.261256912776402,3.811930133047558,2.1814886382647924,1.4253158989406767,0.7664059001775015,19.77650975272769,0.11702190483717814,230,0.11733596210538501,0.20425641371144188,0.1333082726502672,0.0752660616167954,0.13254167752097237,37.84983871034954,230,9.386876968430801,102.12820685572095,53.32330906010689,37.6330308083977,50.617855923164086,14.420068634951853,230,12.969680096027206,11.249258436982982,14.090370551719076,17.321970382617046,13.907819866836578,0.4339751217028369,230,0.4438214616876253,0.22525275581412846,0.37368769341326774,0.5562327897974423,0.39974867517811596,44.19022372983537,159,95.99247487386067,48.91993437422083,27.925704785755702,57.612704677945736,119.97941379921109,153,108.08853488498264,119.67671135796441,122.46573102032697,116.74365908775799,0.3909938262217933,157,0.4437500519884957,0.3506840895861387,0.4523699227375565,0.4156013547707303,230,159,False,0.07306349158198351,0.07254373964277051,0.9007182738610676,0.8994338823216302,0.7517275855654761,0.14843288149152484,0.07280361551259246,0.6067618799351511
22,53.2,0.0002,0.16152399835132417,2.6689282905487786,5.258750722521827,3.7908100684483848,2.157638778572991,1.391183468983287,0.7462581758697827,19.4646509715489,0.11713610254228116,230,0.1173498739134258,0.20432947244909075,0.13370304293137916,0.07504305802285671,0.1326063618291881,37.8889997769957,230,9.387989913074064,102.16473622454538,53.48121717255166,37.521529011428356,50.63886808039987,14.399831871720487,230,12.943882890840268,11.235011180048769,14.054745810605583,17.333650686226587,13.891822641930302,0.4334176349899043,230,0.44371016764305005,0.22355663114123875,0.37253598044527336,0.5562900411231178,0.39902320508816996,44.219971818744014,159,95.98778703477647,49.00667709999896,27.8653176512037,57.61992726199304,120.71770003574346,153,109.08866204155817,120.99657300313314,122.19108475579156,117.42543993349427,0.39036203090807386,157,0.4419469204213884,0.34854534430865275,0.45455655932892114,0.4150162746863208,230,159,False,0.06647707764502792,0.06751197368083965,0.9144008148284185,0.9093538568133399,0.7658238002232143,0.13229904912766957,0.06699452553654,0.6433229897703443
23,53.0,0.0002,0.1605679856524581,2.667595471086956,5.2614098685128345,3.814602914310637,2.129802123705546,1.3876970634573982,0.7444650411605835,19.36167559396653,0.11731269375785537,230,0.1173411523267417,0.20462821424007416,0.13409929516467642,0.07506625134763974,0.132783728269783,37.962231500965096,230,9.387292186139335,102.31410712003708,53.63971806587057,37.53312567381987,50.71856076146671,14.375573512020551,230,12.922359610407241,11.224739460215345,14.019833595357662,17.32156004143311,13.87212317685334,0.4325937001601509,230,0.4434853502562348,0.22176548176341587,0.3715451270975965,0.5551421408142362,0.39798452498287085,44.3089041200074,159,96.1793450249566,49.137372889417286,27.86765354020255,57.72812381819215,121.18214276881,153,109.51641421847873,121.60074335734049,122.42876321298105,117.84864026293343,0.3902501941118745,157,0.44091441068384385,0.3483041231421397,0.45482339266756616,0.41468064216451656,230,159,False,0.07287504854390309,0.07302609133933272,0.9018419518357231,0.9021461847282591,0.7579020182291667,0.14077853248232886,0.0729505700369676,0.6372815343595687
24,53.1,0.0002,0.15799202550025213,2.6632074287959506,5.26482948575701,3.826102693875631,2.115870922520047,1.3735440240019843,0.7356897471916108,19.11479840505691,0.11754709640922753,230,0.11731874218709032,0.20487834844324324,0.13472216893383798,0.07497165112623147,0.13297272767260077,38.05688176984372,230,9.385499374967226,102.43917422162161,53.88886757353519,37.48582556311573,50.79984168330994,14.350078795083098,230,12.899840911844189,11.20361815015867,13.97578632355513,17.322731077902947,13.850494115865235,0.43151759135982265,230,0.4430082452968812,0.2201820926533805,0.36989350426704326,0.5543541493160384,0.39685949788333585,44.43431868643131,159,96.39172787136502,49.33164324658982,27.8635116985866,57.862294272180485,121.60466566896127,153,109.73772260877821,122.54935658772787,122.00800464771412,118.09836128140672,0.38707100343006323,158,0.4414857261710697,0.3453461639583111,0.4494783198968931,0.4121034033420912,230,159,False,0.059775081365591,0.06220599679453742,0.9277539900371007,0.9192850707542328,0.776142810639881,0.1225089118594215,0.0609905391754139,0.6523885329564413
25,53.1,0.0002,0.15691302525145667,2.6536158050809586,5.269394706544422,3.819455642927261,2.102298474879492,1.3521952944142477,0.7247347054027375,18.98602865764073,0.11780459654881903,230,0.11736725192044822,0.20565806329250336,0.13523391967124127,0.07498341609191682,0.13331066274402742,38.15842741711632,230,9.389380153635857,102.82903164625168,54.09356786849651,37.49170804595841,50.950921928585615,14.32407484044559,230,12.877446751700639,11.172335954420184,13.939078640428628,17.310965681101205,13.824956756912664,0.4308287427477215,230,0.44252578011700805,0.21752512454986572,0.36873413654083903,0.5545097408550126,0.39582369551568136,44.56714994802415,159,96.62207539876302,49.49879950665413,27.923053741455078,58.01464288229074,121.9266107596603,153,111.06238640679254,123.2582310570611,121.51794765613697,118.61285503999687,0.38734759678003156,158,0.43765215161773896,0.34417180756622173,0.45290729119019074,0.4115770834580505,230,159,False,0.07166403569281102,0.07171537604715143,0.9134266078472137,0.9089067667722702,0.7645159040178572,0.13288776306878952,0.07168970560388906,0.6411103406832331
26,52.9,0.0002,0.15479101630903425,2.654943647838774,5.269959513346354,3.837315825053624,2.0931536901564827,1.351705785592397,0.7225831024703525,18.78850936435518,0.11791223924930977,230,0.11735241456140935,0.20574753648704952,0.13555471511914374,0.07489147399818259,0.1333865350414463,38.20106169273672,230,9.388193164912748,102.87376824352476,54.2218860476575,37.445736999091295,50.982396113796575,14.31125297873394,230,12.856811596087633,11.171085993759036,13.924498883791449,17.30914094225637,13.815384353973622,0.4299158654783083,230,0.44211363204768006,0.2160533203019036,0.36742241775735895,0.5537213220127991,0.39482767302993543,44.63403863726922,159,96.64423285590277,49.593401766837914,27.95061217035566,58.06274893103211,121.92798347722471,153,111.86533525254991,123.5297102186415,120.93554694564254,118.77686413894465,0.3880691260476656,158,0.43760936044984394,0.34349088921667414,0.456150801547549,0.4124170170713557,230,159,False,0.06327201690790908,0.06183793116360903,0.9229160243556613,0.9216422163304828,0.7761707124255952,0.12232291584923154,0.06255497420650152,0.6544640765303658
27,53.2,0.0002,0.15346065614195098,2.651587456748599,5.276641105470203,3.8306318362553915,2.0960157428468977,1.3397617638111115,0.7148865542241505,18.660198343367803,0.11801424288069425,230,0.11746224430455289,0.20580468575159708,0.13575300986462452,0.07482913246245257,0.13346226809580677,38.2297196234374,230,9.39697954436423,102.90234287579854,54.30120394584981,37.41456623122628,51.003773149309716,14.297769216805596,230,12.83273190713205,11.170313855705736,13.913579511718105,17.302743851001043,13.804842281389234,0.42907169960115266,230,0.4415989933719098,0.21379175947772133,0.366138072406992,0.5534260310232639,0.39373871406997174,44.62981655912579,159,96.7007590399848,49.588439779078705,27.937868969781057,58.075689262948195,122.6789558011722,153,112.392823961046,124.82144368489584,120.82249796832049,119.34558853808744,0.3877028970024254,158,0.43906356559859383,0.3421926209504934,0.4570796230299906,0.4127786031930259,230,159,False,0.06704986805451058,0.06664542018302849,0.9145165542761485,0.9118016081196921,0.771015857514881,0.1283080328078497,0.06684764424072845,0.662545316418012
28,53.0,0.0002,0.1516966126859188,2.6382309300558906,5.27487796601795,3.8374690112613496,2.0635856543268476,1.312838587022963,0.7023831766276133,18.454909637996128,0.118302170543567,230,0.11752461841408636,0.20587566826078627,0.13639503883871626,0.07484351165060486,0.13365970929104842,38.339357070948765,230,9.401969473126908,102.93783413039313,54.558015535486504,37.421755825302434,51.07989374107724,14.276372190323151,230,12.818153962765317,11.158068365470768,13.879460598061227,17.29258501626777,13.787066985641271,0.42761797166388965,230,0.4410751617290604,0.21134591268168557,0.3637887218848188,0.5524561415825572,0.3921664844695305,44.787101799587035,159,96.79800160725911,49.818522473599046,27.982608199119568,58.19971075999257,123.24749501546223,153,112.42466311984592,125.91164771185981,120.61104583740234,119.6491188897027,0.38735615689590386,158,0.43973831584056217,0.34012342830921743,0.459509557925842,0.41312376735854056,230,159,False,0.06367398596235684,0.06217939810206493,0.9191918191455659,0.9192030631360554,0.7776785714285714,0.12158931550525484,0.06292669211203854,0.647017587508474
29,52.9,0.0002,0.14961911319267182,2.642021400020236,5.278775414966401,3.8555945362363544,2.06665212114652,1.3099776412759507,0.6991070060502915,18.239291468120758,0.11863651300739983,230,0.11750683482264129,0.20576982531282637,0.13731748483916548,0.07470786993923996,0.13382550372846827,38.471134017181136,230,9.400546785811303,102.88491265641318,54.92699393566618,37.35393496961998,51.14159708687766,14.256055386475715,230,12.81163679557362,11.155113172817627,13.831371458706906,17.298599834462134,13.774180315390073,0.4263773824857629,230,0.44082578764834873,0.20994457271364,0.3612734212520275,0.5521243624389172,0.39104203601323334,44.95181388375144,159,96.5457780626085,50.16355798599568,27.911642040525162,58.20699269637645,124.06239702810649,153,113.26013692220052,127.19254743787977,120.64585636280201,120.36618024096076,0.3870480508083784,158,0.43799760440985364,0.33882198855280876,0.4611335757103833,0.4126510562243486,230,159,False,0.09820121171928588,0.09662791160600526,0.8948730370828084,0.89593917401064,0.7454066685267857,0.1539409909929548,0.09741456173803835,0.6353588904653277
30,53.4,0.0002,0.15015851546611106,2.6561365564664206,5.276160939534505,3.866630852790106,2.094825506210327,1.333531342517762,0.7095339367787044,18.32476552327474,0.11890698068815729,230,0.11753916813873909,0.20559180776278177,0.13798661625131647,0.0746831504095878,0.1339501856406063,38.57482866295006,230,9.403133451099126,102.79590388139088,55.19464650052659,37.3415752047939,51.18381475945262,14.236890148607351,230,12.796982044805338,11.158526646291092,13.797621613312298,17.294568527331002,13.761924707934932,0.4250052346483521,230,0.44032589902340524,0.20847485959529877,0.35902911741682825,0.5511259708021369,0.3897389617094173,45.06762645529501,159,96.29503716362848,50.40050664861152,27.883029409817286,58.19285774068576,124.60759959501378,153,114.01302507188585,128.02878757052952,120.67138205634222,120.9043982329192,0.38626191460916515,158,0.4367215136686961,0.33805339133485834,0.46039763817732987,0.41172418106029474,230,159,False,0.05710833470913626,0.05608660066056819,0.9261898370016188,0.9284887782164982,0.7773390997023809,0.11995816911969866,0.0565974676892871,0.6527774687324251
31,52.7,0.0002,0.14843761470346223,2.6511783015160333,5.277223816372099,3.8797519104821343,2.0817279406956266,1.3163319938239597,0.7008555490346182,18.142777352106002,0.11900150661721177,230,0.11752825030978296,0.20669569902949864,0.13810016531893549,0.07471721283426243,0.13426033187311986,38.61886644671144,230,9.402260024782638,103.34784951474931,55.24006612757419,37.35860641713121,51.337195521059336,14.227379731127268,230,12.783845868810975,11.124771021995803,13.795091349704046,17.281834917920527,13.746385789607839,0.4238435982362084,230,0.43977514748841945,0.20563079085614946,0.3574633920129309,0.5501385027808803,0.388251958284595,45.11236469700651,159,97.24110158284505,50.40569869508135,27.84929277215685,58.49869768336108,124.93726947260838,153,113.62265268961589,128.47468477884928,120.92734675937228,121.00822807594581,0.3869332634855675,158,0.4376579158835941,0.33866960420570474,0.46111984713511034,0.4124824557414697,230,159,False,0.059918055403977634,0.060121968698998295,0.9230059708867754,0.9203611325649989,0.7779575892857142,0.1216101328531901,0.0600200120093567,0.6478375269543557
32,52.9,0.0002,0.14691249607574372,2.636349295434498,5.277806618100121,3.8696537562779016,2.0455887107622055,1.2998363553058534,0.6888607587133135,17.983331530434743,0.11916898280058218,230,0.11757230129040463,0.20762821204132503,0.13836232691686204,0.07475928596353956,0.13458053155303282,38.68617880247209,230,9.40578410323237,103.81410602066252,55.34493076674482,37.379642981769784,51.486115968102375,14.211858555007973,230,12.77018894566922,11.090741638164458,13.78003016613696,17.266152538374367,13.72677832208625,0.4225694653780564,230,0.4392918520410296,0.20281747811370426,0.3553021307638351,0.5495981776288578,0.3867524096368567,45.238001757447826,159,97.90039994981554,50.515828923976166,27.91519216128758,58.777140345026424,124.64230199576983,153,113.44730038113065,128.32417204115126,120.37168552257397,120.71438598161863,0.38847407323744476,158,0.4376138688789474,0.33943970743170443,0.4642372046004642,0.4137635936370387,230,159,False,0.05993797525852209,0.05863442565979702,0.9203088822818938,0.9195363964353289,0.7781761532738095,0.12133971509479341,0.05928620064542407,0.6557326319671812
33,52.9,0.0002,0.1450588383490131,2.636900760446276,5.282082185291109,3.880480324654352,2.049697534810929,1.2886768704368954,0.683566683956555,17.791632570539203,0.11939442751362273,230,0.11764243376297011,0.20833659999900395,0.13874345692865392,0.07484269963710435,0.13489129758193308,38.77423171358912,230,9.411394701037608,104.16829999950197,55.49738277146157,37.42134981855218,51.62460682263833,14.1909129938214,230,12.755100371650336,11.060872069997346,13.755243708837959,17.24566258805364,13.70421968463482,0.42131732540286104,230,0.43876223958713906,0.2004585994614495,0.35349159814575887,0.5485451466270855,0.3853143959553582,45.41015103778,159,98.2415534125434,50.693238400398414,28.051350440297806,58.99538075107987,124.11875080283171,153,114.34710947672527,127.90608528984917,119.43513354548702,120.56277610402049,0.39064622047958497,158,0.43838457266489667,0.3405263619695572,0.4684938846663995,0.4158016064336178,230,159,False,0.06808036183938385,0.06725051062891171,0.9086164211943036,0.91062766512235,0.7694184802827381,0.12972538130623953,0.06766543627849647,0.6488480037876538
34,53.1,0.0002,0.1445294847091039,2.628778948670342,5.283739146732149,3.878323641277495,2.025478772322337,1.279005340451286,0.6773475871199653,17.729500834147135,0.11958895957340365,230,0.11774950175428055,0.20918324093023935,0.13898250040538768,0.07496860483661294,0.13522096198163014,38.84784654268752,230,9.419960140342443,104.59162046511968,55.59300016215507,37.48430241830647,51.772220796480916,14.169081488137392,230,12.739624036434773,11.028479791073286,13.729321200738804,17.224337940993284,13.680440742310036,0.4202001587204311,230,0.43837396821505586,0.19795485006438363,0.35173643206028227,0.5477976160390037,0.38396571659468137,45.546570519981145,159,98.78699662950304,50.82212606389472,28.134676660810197,59.24793311806932,123.96789750242544,153,114.69366200764973,127.54661504957411,119.54907417297363,120.59645041006583,0.39033528483366664,158,0.43916620893610847,0.3407342907120573,0.467117378115654,0.4156726259212733,230,159,False,0.0643972698466054,0.0626650841152739,0.910580043849491,0.9185410238447643,0.771650623139881,0.12721889132545108,0.06353117692328634,0.6477734694168681
35,53.1,0.0002,0.14272433739332926,2.636157428650629,5.284991532280332,3.903306489899045,2.0392862212090264,1.280166639884313,0.6730360248259135,17.54687896910168,0.11967033965756065,230,0.11773116860381315,0.20962481366263497,0.13908486004839551,0.07508330326527357,0.1353810363950293,38.88673012347325,230,9.418493488305051,104.81240683131747,55.63394401935821,37.541651632636786,51.85162399290438,14.159004493077159,230,12.736937152455319,11.001985297337537,13.717739865666793,17.210055009548267,13.666679331251979,0.4190236657857895,230,0.43815289500733495,0.19529138339890373,0.34987176098722095,0.5468039214611053,0.38252999021364126,45.622467532847665,159,98.97489844428168,50.901277988515,28.187109300068446,59.35442857762171,123.75618457170873,153,115.38091956244574,126.98945613437229,119.76327613547996,120.71121727743265,0.3907496460000218,158,0.43738969415426254,0.34188506815661773,0.4666316438889639,0.41530213539994804,230,159,False,0.07050748436401287,0.07223676574372109,0.8984900993960244,0.8936144377504076,0.756924293154762,0.14249025072370256,0.07137212488090708,0.638287812329474
36,52.8,0.0002,0.14166877457783336,2.632053934960138,5.286524027869815,3.9049493017650785,2.012632996127719,1.2826077296620324,0.6735553266037078,17.454004342215402,0.11998429546213668,230,0.117745320981657,0.21096149583657584,0.13958774546676495,0.07529586839622684,0.13589760767030615,39.021320430804856,230,9.41962567853256,105.48074791828792,55.83509818670598,37.647934198113425,52.09585149540997,14.136065025890462,230,12.732297860587996,10.948291641655118,13.686750945467692,17.182367753646414,13.637427050339305,0.4178699497943339,230,0.4379138107031164,0.19235830671257442,0.34802843947359857,0.5459341039615018,0.3810586652126978,45.83827350424521,159,99.91067589653863,51.10914181648417,28.30053702422551,59.773451579082774,123.73461577471565,153,115.20780690511067,126.99301338195801,119.72508790757921,120.64196939821596,0.3893653934208464,158,0.435868834455808,0.3404072551651204,0.46542964845218443,0.41390191269103765,230,159,False,0.0648287758231163,0.06480355886298986,0.9109332188254311,0.9113915539923169,0.7721784319196429,0.1258188043321882,0.06481616724105109,0.6550729753715652
37,53.1,0.0002,0.14126200008959997,2.629261481194269,5.286605396724883,3.9030736344201222,2.0137822443530675,1.277157044126874,0.6656888121650333,17.39930664698283,0.12020840128154858,230,0.11791998263396009,0.2107760939333174,0.13986602671285894,0.07555753877386451,0.13602991051350022,39.09935484405445,230,9.433598610716807,105.38804696665869,55.94641068514357,37.778769386932254,52.13670641236283,14.114153848848183,230,12.718681583727856,10.944154538454397,13.665709045067041,17.145624137643082,13.618542326223094,0.416810435704563,230,0.4373913058932398,0.1913294924630059,0.34656580838751283,0.544865465589932,0.38003801808342264,45.92642936466625,159,99.5980979071723,51.23302893942975,28.393119062696183,59.741415303099416,124.00528083751404,153,115.90079413519965,127.25553410847982,119.93893983629015,121.03175602665654,0.38639873253919604,159,0.43444008711311555,0.34046564282889064,0.45577977256782887,0.4102285008366117,230,159,False,0.06335082460150478,0.06329857158873763,0.9127559721469879,0.9108558390821729,0.7710577101934524,0.12853685106549945,0.06332469790996541,0.6438452282831783
38,52.8,0.0002,0.1404510584260736,2.628425866081601,5.283535094488235,3.9142990384783065,2.011391725994292,1.2684471936452957,0.664455961613428,17.321498362223306,0.12021767361818449,230,0.11801099231545355,0.21142088207933638,0.13968280639420164,0.07568415603600442,0.136199709206249,39.09967954408216,230,9.440879385236283,105.71044103966818,55.87312255768066,37.84207801800221,52.216630250146835,14.106708997394328,230,12.714163049165556,10.915896529533772,13.667072174864314,17.123029280480207,13.605040258510963,0.4158432340492373,230,0.43705974959991345,0.18954498238033718,0.34527352055970656,0.5437693899231297,0.37891191061577173,45.930135708934856,159,99.92275831434462,51.1576642381384,28.477969901902334,59.85279748479511,124.04147074580972,153,116.32906680636935,127.33187726338704,119.84286053975423,121.16793486983687,0.3864993054255749,159,0.43395014438364243,0.3400524123076429,0.4568377054695572,0.4102800873869475,230,159,False,0.06658816769985217,0.06885120043353665,0.9101653626986912,0.8998703895580201,0.7677583240327381,0.13275052933465867,0.06771968407999901,0.6479667175383795
39,53.0,0.0002,0.13915543545569692,2.6218866433416093,5.2854096639724,3.9162541230519614,1.9876193614233109,1.2576311761424654,0.6625186486613183,17.18234580812,0.12018849938783957,230,0.11810036596487945,0.2111223025454415,0.13951894300098114,0.07577406269099031,0.1361289185505731,39.08020196660705,230,9.448029277190356,105.56115127272076,55.80757720039246,37.88703134549515,52.17594727394968,14.103227156555633,230,12.70814959170763,10.919119572223142,13.66939232269099,17.11194054488558,13.602150507876836,0.4152093709163044,230,0.4367160734156488,0.18906324108441672,0.34435103786118487,0.543227631598711,0.37833949598999034,45.872695425021575,159,99.95009273952908,51.07862817480209,28.443155169487,59.82395869460606,124.12515804814358,153,115.56223636203342,127.24409111870659,120.35408987822356,121.05347245298786,0.3857118481852161,159,0.4359748338659604,0.33951306343078613,0.45518182846717536,0.41022324192130727,230,159,False,0.06538959437360366,0.06231965536828197,0.9077248862811498,0.9154795168411164,0.7719215029761904,0.12594793637593588,0.06385462482326797,0.6449156666795413
40,53.2,0.0002,0.13861947840168362,2.6183498462041217,5.285262266794841,3.8946763901483443,1.9883774479230245,1.2635379053297497,0.6598949876569566,17.13723939259847,0.12028713344555834,230,0.11805886906427397,0.21168995400269827,0.13967020365786045,0.07588664748306785,0.13632641855197514,39.12871720155944,230,9.444709525141917,105.84497700134914,55.86808146314418,37.94332374153392,52.27527293279229,14.096579017574076,230,12.706434513919445,10.89481081749472,13.665858041601142,17.09664946938923,13.590938210601134,0.41457713997882345,230,0.4364636632758127,0.1877335144413842,0.3434367798110272,0.5426993423274585,0.37758332496392066,45.903822958844266,159,100.28286404079861,51.09550861602134,28.44971900326865,59.94269722002954,124.62254348455691,153,115.85438707139757,127.87339155409072,120.66582277086046,121.46453379878291,0.3846571355730108,159,0.4364664347635375,0.33860325266389135,0.4536353730862694,0.40956835350456605,230,159,False,0.06473101252202122,0.06626990380741302,0.9121164205528441,0.9043406284990765,0.7700602213541666,0.12944954009283158,0.06550045793077776,0.656941766965957
41,52.8,0.0002,0.1375418304332665,2.6130978391284034,5.2839721316383,3.8978797923950923,1.968271052837372,1.2588687008335477,0.6564973123016812,17.035869898114886,0.12031214256649432,230,0.11811843991909228,0.21111284693082175,0.13965235745653193,0.07603654165619186,0.13623004649065945,39.13422763768745,230,9.449475193527382,105.55642346541087,55.86094298261277,38.01827082809593,52.221278117411735,14.090202467573711,230,12.701825435889731,10.913221032225781,13.66601456239765,17.073082204256632,13.588535808692448,0.4140823162120322,230,0.43617770243698445,0.1874360657400555,0.342853179478899,0.5420570070190089,0.37713098866873696,45.95640671328179,159,100.1526633368598,51.12683742604357,28.567356773785182,59.94895251222952,124.45211821911381,153,115.2402606540256,127.67049636840821,120.62346423113787,121.17807375119055,0.3872336135275147,159,0.43924147966835236,0.3412407157110407,0.45607757066110416,0.4121865886801657,230,159,False,0.06607849734524886,0.06688700611037868,0.9073935366812207,0.9040668166819072,0.7692685081845239,0.1285970369974772,0.06648275170120455,0.6685890292837506
42,53.1,0.0002,0.13520207955014138,2.6207669876870656,5.294043509165446,3.9295260452088856,1.9729955718630836,1.254346384604772,0.6529232195445469,16.789926551637194,0.12039991599386153,230,0.11818959453785924,0.21155178215768602,0.1397221658299578,0.07611910426723105,0.13639566169818354,39.166035962493524,230,9.455167563028738,105.77589107884302,55.88886633198312,38.059552133615526,52.2948692768676,14.081076871335604,230,12.6961515526906,10.900668979398105,13.655254592266001,17.062874422831595,13.578737386796575,0.41338160193484763,230,0.43571025070170283,0.18599979910585615,0.34205169690416215,0.5413479097187519,0.3762774141076183,45.988497746065725,159,100.51335991753473,51.139539962119244,28.579181177275522,60.07736035230983,124.71330807255764,153,114.88599056667752,127.93507656521267,120.98158016911259,121.26754910033425,0.3860981929930126,159,0.4407559707760811,0.3397914271880972,0.45504312130755614,0.4118635064239115,230,159,False,0.06567050646103564,0.0653521660227506,0.9064054438046046,0.9076283264727819,0.7689708891369048,0.1305460566566104,0.06551133624854542,0.6489517021746862
43,53.0,0.0002,0.13532971824918474,2.6190164316268194,5.292489642188663,3.929362440109253,1.9669661243756613,1.2550487041473388,0.6512149827820914,16.80838896887643,0.12040701723940994,230,0.11822240049360504,0.21137502292792001,0.13967330238603531,0.07621710534606661,0.13637195778840674,39.167330249496125,230,9.457792039488403,105.68751146396,55.86932095441412,38.10855267303331,52.28079428272396,14.078744667355119,230,12.693417873734733,10.907863671881591,13.659280962827149,17.048846801854022,13.577352327574374,0.4128495671178984,230,0.4353170098972992,0.18564617964956495,0.34149938330371327,0.5406452694109508,0.37577696056538207,45.968077509658144,159,100.40349833170573,51.088613144894865,28.624342918395996,60.03881813166553,124.96869300393497,153,114.92657301161024,128.25412707858615,121.16665621157046,121.44911876725563,0.38551070646576163,159,0.44243467185232377,0.3386115445260038,0.45508580528465764,0.41204400722099505,230,159,False,0.0640161410861072,0.06557801703789405,0.9119305718512762,0.9047281903879983,0.7711042131696428,0.12914445059640067,0.06479707887130125,0.6564006891988573
44,52.9,0.0002,0.13479472285225277,2.6131444533665973,5.293739391508557,3.931737644331796,1.954579964705876,1.238174989535695,0.6474899480740229,16.73323382877168,0.12044855915009975,230,0.11822574533207315,0.2118786954217487,0.13967282895712144,0.07630333044965353,0.1365201500401492,39.187686888096124,230,9.458059626565852,105.93934771087434,55.86913158284857,38.151665224826765,52.354551036278885,14.070997109279649,230,12.691769836565257,10.88464560575985,13.649429839026022,17.039383239605378,13.566307130239126,0.4123331356955611,230,0.4348990581404995,0.18518690599335563,0.3410981486135341,0.5398014278284141,0.3752463851439508,46.01164812411902,159,100.61543443467882,51.12299318516508,28.65628182888031,60.1315698162414,124.78075862709993,153,115.19499799940321,127.75751274956598,121.41712852760598,121.45654642552506,0.3849995120563222,159,0.4415704690747791,0.3385857544997905,0.45381655843396274,0.4113242606695107,230,159,False,0.06708626596789274,0.06754999958599607,0.9025840150458472,0.9053750171547844,0.7690813337053571,0.12969114893958683,0.06731813291886023,0.6406170419284276
45,53.0,0.0002,0.13405109988082023,2.613889263925098,5.288288679577056,3.9419789847873505,1.951571620078314,1.241534617968968,0.6460721856071836,16.664937982105073,0.12057991470007792,230,0.11827173582474951,0.2123588803741667,0.1399634489195144,0.07621951813676528,0.13670339581379898,39.23552438422389,230,9.46173886597996,106.17944018708334,55.98537956780576,38.10975906838264,52.43407942231293,14.060411909914055,230,12.688306182976756,10.862190790116758,13.627913026167073,17.040026048537992,13.554609011949644,0.4116936457545861,230,0.43437130917126027,0.18416064149803585,0.3402242376766306,0.5394759188805308,0.3745580268066144,46.072092164237546,159,100.81163279215495,51.25788607495896,28.569940498897008,60.21315312200364,125.01162709753498,153,115.8730951944987,127.90126809014214,121.71864742702908,121.83100357055663,0.38581887114816493,159,0.4427364071210225,0.3393129035830498,0.4547349984225418,0.4122614363755381,230,159,False,0.06697927293412033,0.06882693127152466,0.9058862639325006,0.9025483009361085,0.764570545014881,0.13442564805348714,0.06790310229573931,0.6459386580047153
46,52.6,0.0002,0.13353415071254685,2.6089295602980114,5.29132255372547,3.916383881795974,1.9427475526219322,1.2494714501358213,0.6447220962672007,16.62127533413115,0.1207249719325615,230,0.1183817631656855,0.2126052909427219,0.14018409707127732,0.07626581458108765,0.1368592414401931,39.28476992249489,230,9.47054105325484,106.30264547136095,56.07363882851094,38.13290729054383,52.49493316091764,14.053889699835489,230,12.684006720042355,10.8531048638828,13.620051423970956,17.033346003766788,13.547627252915724,0.4117337414751882,230,0.43404383852448264,0.18448979490333134,0.3403442177049657,0.5398014890296119,0.3746698350405979,46.12740514263417,159,100.80244615342882,51.35832084493434,28.559879337038314,60.24021544513383,125.00376308665557,153,116.70890553792317,127.77626385158963,121.76540473655417,122.08352470868898,0.3853825768543724,159,0.4429682029618157,0.33946579480741884,0.45320234252306235,0.41187878009743234,230,159,False,0.05810223201600214,0.05668529022174577,0.9194292519773756,0.9214385114964985,0.7815266927083333,0.11736265250614711,0.057393761005784784,0.6589306722084681
47,53.1,0.0002,0.1321190741445337,2.6008689647629146,5.2902476083664665,3.9162101325534637,1.9378860354423524,1.2221907502128964,0.6378100842237473,16.445115875062488,0.12082141806250034,230,0.1184630709319887,0.2129041486316257,0.14024976625087412,0.0764005848738764,0.13700439267209125,39.319767387988776,230,9.477045674559097,106.45207431581285,56.099906500349654,38.2002924369382,52.55732973191495,14.048176003283983,230,12.68140644699488,10.844082885842903,13.61815111117106,17.01781558207168,13.54036400652013,0.4106461941548016,230,0.4335182391002145,0.1832964966694514,0.33921267139784833,0.5380923231797559,0.3735299325868175,46.19524387143693,159,101.0173110961914,51.399947470807014,28.648087739944458,60.355115435647626,124.68493288326887,153,116.44808197021484,127.43719126383463,121.47064406783493,121.7853057672948,0.3863246586208917,159,0.44277360373073155,0.3403658093290126,0.4543977180396074,0.41251237703311716,230,159,False,0.0723420191157077,0.07144174642106961,0.8954947254487446,0.8932996233304341,0.763134765625,0.136713068825858,0.07189188263423386,0.632339444614592
48,52.9,0.0002,0.1312370274748121,2.5989878206025985,5.29191609791347,3.900783770424979,1.9281714331536066,1.2363142813955035,0.6377531983313106,16.391161764235722,0.12094025759269363,230,0.11856746285314292,0.21346588929494223,0.14033461401754238,0.07652361897219505,0.13722289628445564,39.36218482223542,230,9.485397028251432,106.73294464747111,56.13384560701695,38.261809486097526,52.65349919220925,14.044358485287116,230,12.68140537724641,10.829026461312353,13.615702623183404,17.008667591080187,13.533700513205588,0.41008032281761586,230,0.43319132210503164,0.1821236792537901,0.338756707120449,0.5371365499283586,0.37280206460190735,46.23211665123514,159,101.46704355875652,51.408914322548725,28.665450164249965,60.513802681851736,125.05845482520807,153,116.47525956895616,127.90184410942925,121.7500052275481,122.04236963531116,0.38652194645138654,159,0.4439464087287585,0.34068405295306065,0.45423519338614177,0.412955218355987,230,159,False,0.05782130485223163,0.05898469298900593,0.919636923358554,0.9158624529838562,0.7798258463541666,0.11871581418173653,0.05840299896275004,0.668471148610115
49,52.9,0.0002,0.13148254972128642,2.5987630003974553,5.292240347181048,3.9141527402968634,1.916291145199821,1.233576867977778,0.6375537147124608,16.390162926628477,0.12097478996476402,230,0.11859556371477288,0.21376314759254456,0.14028178107865313,0.07667073068608131,0.13732780576801296,39.37796692971302,230,9.487645097181831,106.88157379627228,56.112712431461254,38.33536534304066,52.704324166989004,14.041804013657842,230,12.681386413281183,10.813989444540653,13.621302573074004,16.991216802294954,13.526973808297699,0.40959940753553226,230,0.4327426261045563,0.18134107854631212,0.3385676598929344,0.5361733489802906,0.3722061783810234,46.22749942803533,159,101.62330457899306,51.345865087306244,28.733059814998082,60.567409827099134,125.52692139070797,153,116.95174662272136,128.63227767944335,121.78052337081344,122.45484922432604,0.3857527583040906,159,0.44353028138478595,0.33992726831360065,0.4533884431501584,0.4122819976161816,230,159,False,0.06588171734696342,0.067028510574961,0.9071957849320911,0.9029590151139668,0.7682582310267857,0.13138826461065384,0.06645511401639807,0.6431449591403916
50,53.1,0.0002,0.13938339530002503,2.672168383144197,5.286744907924107,3.987654173941839,2.056300835950034,1.324555643683388,0.7055861172221956,17.26082161494664,0.12007026571942413,230,0.1184854161151698,0.20848771929740906,0.13877154387375143,0.07647824952644962,0.13555573220319497,39.00170842072238,230,9.478833289213583,104.24385964870453,55.50861754950056,38.23912476322481,51.86760881266087,14.115190325706514,230,12.700285946968254,11.007793116594748,13.745413675496541,17.02918659163794,13.620669832674372,0.4112610380286756,230,0.4316463997246514,0.1834316203991572,0.34165375695583666,0.5388715469411441,0.37390083100519733,45.21424180756575,159,97.43812900119357,50.50930562932441,27.932974236352102,58.62680295562336,128.63208247166054,153,120.08016628689236,131.0621080186632,126.00735925745082,125.71654452100212,0.37755548166193115,159,0.4385763373639848,0.3409427391721847,0.4292056618890326,0.402908246141734,230,159,False,0.059622133995539374,0.06264133141154335,0.916149488801048,0.9107295155525208,0.7771740141369048,0.12130697341192337,0.06113173280886951,0.6503137137208667
51,52.4,0.0002,0.12882252332000504,2.6014088204928805,5.290337703341529,3.930201302255903,1.9185223746867406,1.2311378169627416,0.6368445949895042,16.120764741443452,0.12014313346665839,230,0.11856882825074061,0.20898212823602888,0.13875844686272296,0.07661429879122547,0.1357309255351795,39.0278629987784,230,9.48550626005925,104.49106411801444,55.50337874508919,38.30714939561273,51.9467746296939,14.102833802347783,230,12.690996902881151,10.989152231200663,13.737716729003724,17.006129496933433,13.605998840004743,0.410556317023609,230,0.4311499322803927,0.18260794712437523,0.34109276263637744,0.5376806519925594,0.3731328235084262,45.31803277453537,159,97.81876966688368,50.52926416600004,28.132990224020823,58.82700801896818,128.355089524213,153,119.39002058241103,131.1138042026096,125.25140988385236,125.25174488962432,0.3787941504797002,159,0.4377015497949388,0.3412361518341176,0.4323706733162648,0.4037694583151071,230,159,False,0.06374716723249071,0.06502429266859377,0.9071078233775638,0.906267876284463,0.7698846726190476,0.1291692506699335,0.06438572979310439,0.6371036440134048
52,52.9,0.0002,0.12814453233565604,2.5914663434028626,5.296679474058605,3.915628167561122,1.8953466614087422,1.2194400493587767,0.6302371582105046,16.051388958522253,0.12023812150177748,230,0.11872610402568964,0.21039352317651114,0.13867343748186498,0.0767208879946598,0.1361284881696814,39.05844016664702,230,9.498088322055171,105.19676158825557,55.46937499274599,38.3604439973299,52.13116722509666,14.093600215036565,230,12.679056219209189,10.937727291878446,13.74008223588933,16.987638965965257,13.586126178235556,0.4094341185429822,230,0.43019779970948124,0.18007031248675454,0.3399187551533922,0.5366572801555906,0.37171103687630463,45.43081481501741,159,98.66533491346571,50.5720040341641,28.245413609913417,59.160917519181076,127.83425848468457,153,119.50946638319228,130.48930519951713,124.79664597687898,124.93180585319612,0.38080366673943755,159,0.4359240647819307,0.34363370372893964,0.43433746925022987,0.4046317459203667,230,159,False,0.06466636443954138,0.06580390809103846,0.9060840138367244,0.9009676124368395,0.7695940290178571,0.12933986981709797,0.06523513638724883,0.6454693937585467
53,52.6,0.0002,0.12822374758266267,2.594139968213581,5.296112773531959,3.91714749903906,1.8967207216081166,1.2304571662630355,0.6302614187200865,16.07257146835327,0.1203774440061787,230,0.11888194587868704,0.2116064495510525,0.1387966771392112,0.07669371905337487,0.1364946979055814,39.10285943260659,230,9.510555670294963,105.80322477552626,55.51867085568448,38.34685952668743,52.294827707048285,14.085321112376503,230,12.668592180859237,10.899040064511253,13.73188861658589,16.98687357974848,13.571598610426214,0.4086312312794768,230,0.4297006155403567,0.17839149799611834,0.3388811857142347,0.5360015098537717,0.37074370227612036,45.58321991206715,159,99.5574239095052,50.68978658635566,28.33705735206604,59.5280892826423,127.19094310087316,153,119.21861775716145,129.99805289374459,123.84114767003942,124.35260610698181,0.3836662242505348,159,0.43721334387858707,0.34565761994491234,0.43886059439474984,0.40724385273941643,230,159,False,0.0649792206118859,0.06155489131010004,0.9085754150436038,0.9101865257535662,0.7727167038690477,0.12574587890080044,0.06326705570377054,0.6560567249144826
54,52.9,0.0002,0.12702276454794975,2.5835931426002867,5.297440492539179,3.891948867979504,1.8826212093943642,1.2205049937679655,0.6254499416975748,15.94026158650716,0.12037846182027588,230,0.11898511674412539,0.21280441847112444,0.13864754552536823,0.07662489078938961,0.13676549288250192,39.09608695688455,230,9.518809339530032,106.40220923556222,55.45901821014729,38.312445394694805,52.42312054498359,14.087208918394765,230,12.663974496409644,10.863373331548342,13.738552361266805,16.995028215048155,13.565232101068236,0.4079846502646156,230,0.4292591466030604,0.17628781331910026,0.33824906038477065,0.5353047885000706,0.3697752022017505,45.61561859178843,159,100.20055389404297,50.67849313451889,28.344643150057113,59.74123005953965,126.5179993872549,153,119.47591993543837,129.05275844997828,123.46708085801866,123.99858641447844,0.38524490403913475,159,0.4357919245958328,0.3461025453152809,0.4428245207361345,0.40823966354908275,230,159,False,0.06079735095568356,0.06203612707599643,0.9164900972729637,0.9115370575870786,0.775434802827381,0.12397924150739398,0.06141673891938158,0.6543919344743093
55,53.0,0.0002,0.12640492625179744,2.58712271962847,5.294046797071185,3.9121144328798567,1.8804792739096141,1.2216700068541935,0.6273027936617533,15.878164073399136,0.1205449094105026,230,0.11898908564742182,0.21421301696035597,0.13887812926414164,0.07669004964243088,0.13719257037858756,39.1693723179076,230,9.519126851793747,107.10650848017798,55.55125170565666,38.34502482121544,52.630477964710956,14.080712272836234,230,12.665140940290822,10.816064182526667,13.732092767630084,16.985312824852098,13.549652678824918,0.4078393345941668,230,0.42917195130401936,0.17504476341936323,0.3383581704915838,0.5348351342337472,0.3693525048621784,45.76790359784972,159,100.8272221883138,50.79145293540143,28.486698150634766,60.03512442478333,126.08148038776872,153,120.16434393988715,128.6283059861925,122.82296046504268,123.87187013037412,0.38639465759584457,159,0.4328568105896314,0.3461998867544722,0.44639731977700386,0.4084846723737025,230,159,False,0.06621503712875502,0.06458400607197767,0.9068181389854068,0.9058260760137014,0.7729399181547619,0.12649372418721516,0.065399521731195,0.6505487323516891
56,52.8,0.0002,0.12568065286392258,2.5768033867790585,5.296538066864014,3.8953807319913594,1.8598075526101248,1.2102835084710801,0.6220068762699763,15.79329368954613,0.12062105355055436,230,0.11898818381235633,0.21409925321737924,0.13903145626821417,0.07676484103181533,0.13722093358244128,39.20129490481771,230,9.519054704988507,107.04962660868962,55.612582507285666,38.38242051590766,52.640921084217865,14.074445538959415,230,12.665965788485787,10.819840665569723,13.720678883379733,16.977080749113433,13.54589152163717,0.4073579023713651,230,0.42894425106720185,0.17474370035860273,0.33793890143328525,0.5338986728872571,0.3688813814365867,45.813573477403175,159,100.5591303507487,50.8410344225295,28.57622810772487,59.99213096033436,125.94561278897953,153,120.48043908013238,128.64153247409396,122.36327559859664,123.82841571760765,0.3854784046317328,159,0.4309203980697526,0.3436426457731014,0.4483995366276109,0.40765419349015497,230,159,False,0.06323521204647564,0.06161067069818576,0.9112268704743612,0.9103002841983523,0.7739780970982143,0.12637231009347097,0.06242294158076956,0.6484250292181969
57,52.7,0.0002,0.12521242187136694,2.5818632006645204,5.299771926516578,3.9064858095986503,1.8729582726955414,1.2070878213360197,0.6230119964196569,15.750437909080869,0.12089137967837893,230,0.11905661309269112,0.21440522869428,0.13949569877474866,0.0769599116673427,0.13747936305726563,39.30861257437778,230,9.52452904741529,107.20261434714,55.798279509899466,38.47995583367135,52.751344684531524,14.05633290138243,230,12.662921823218749,10.814292164792427,13.694597973581425,16.951219265529314,13.530757806780478,0.4064735448230868,230,0.42836322666893545,0.17365102801058027,0.33695876788585744,0.5328239782580307,0.36794925020585095,45.96365977833106,159,100.57084655761719,51.00013469127899,28.733421870640345,60.101467706512175,126.09764488070618,153,120.7402589586046,129.07592061360677,122.02674964622214,123.94764307281116,0.3852723652508649,159,0.42852002299494213,0.34206042185108715,0.45085618239162223,0.4071455424125505,230,159,False,0.06467305903899528,0.06273468826853093,0.9057407589185805,0.910954384292875,0.7705426897321429,0.1282521719024295,0.0637038736471108,0.6473324733830633
58,52.9,0.0002,0.12483756797654288,2.582501132147653,5.300916916983468,3.9113680305935086,1.860474931626093,1.2163594152246202,0.6233860450131553,15.713251259213402,0.12104021459817886,230,0.11920319020118512,0.21444812417030334,0.13972480182952068,0.07699389935338072,0.13759250388859748,39.35466265127711,230,9.53625521609481,107.22406208515167,55.889920731808274,38.496949676690356,52.78679692743628,14.045096923848845,230,12.654536957240099,10.81045211408835,13.67788440082762,16.94437438958207,13.521811965434534,0.40592166101155075,230,0.427702043048093,0.17396855851014456,0.33640500094662323,0.532274104654789,0.36758742678991246,46.078369704432454,159,101.01987965901692,51.108243049459254,28.805482489722117,60.31120173273276,125.73371223998225,153,119.31393008761935,128.702751244439,121.85527759128146,123.29065297444662,0.38599166552881775,159,0.4330459377831883,0.34123801582671226,0.45355156948789954,0.40927850769926666,230,159,False,0.06273019858414218,0.0617786904863481,0.9095271341857456,0.9123221079508463,0.7747314453125,0.12432673204512823,0.06225444458957229,0.6469933275665556
59,53.0,0.0002,0.12307267618321237,2.542276770727975,5.297652103787377,3.8062519652502877,1.8157625084831601,1.1863534158184414,0.6053636918465296,15.159938657851447,0.1206259243676196,230,0.11899987954488943,0.21393884552849662,0.13922893541290404,0.07646431461242693,0.13715799377467924,39.194143049418926,230,9.519990363591154,106.96942276424832,55.69157416516162,38.232157306213466,52.60328614980364,14.071309825898194,230,12.665415115383428,10.839209466215738,13.698206328154798,16.999509048604796,13.55058498958969,0.41100024308847344,230,0.4304224731216968,0.17957711716492972,0.34261517749821885,0.5383578496319907,0.372743154354209,45.92121267018828,159,101.0909161037869,50.935207204615814,28.63830522128514,60.22147617656262,124.73073119119881,153,117.72564019097223,127.90560285780165,120.60679358023184,122.0793455430019,0.3861222774809543,159,0.43367598785294426,0.340506143471662,0.45504965611533926,0.40974392914664853,230,159,False,0.29924268559330985,0.28537061767918726,0.4870542442514783,0.5272440594576654,0.4513904389880952,0.43874192010788693,0.29230665152981167,0.310394234032858
60,53.0,0.0002,0.12191223005453745,2.5256493733042764,5.300270661853609,3.7798203286670504,1.7747049578598568,1.1740403656448637,0.5994102299922989,14.924903551737467,0.12041011214580224,230,0.11878697364263131,0.2137590381834242,0.13902908745915332,0.076212233930294,0.13694683330387572,39.122008350556314,230,9.502957891410505,106.8795190917121,55.611634983661325,38.106116965147,52.52505723298273,14.087452531144478,230,12.677654838068094,10.857630066326534,13.7055816438776,17.034950777481466,13.568954331438423,0.41514871431433636,230,0.4325199200653694,0.18327935536702475,0.34786635304385044,0.5433274747005531,0.3767482757941994,45.88992031265355,159,101.4229753282335,50.89388766187302,28.565448420388357,60.294103803498295,123.86470191307318,153,116.02466583251953,127.11597468058268,119.75258664731626,120.96440905347282,0.3861736596075806,159,0.4363042066494624,0.3407851997366611,0.45430473647346453,0.41046471428652936,230,159,False,0.20560120173863003,0.20196571151415507,0.5020476311445237,0.5278895646333694,0.44955705915178573,0.44630533854166665,0.20378345584585553,0.208031103795483
61,52.9,0.0002,0.12232906573585102,2.520494868641808,5.303149836403983,3.7653608537855603,1.7763270537058513,1.1592320904845284,0.59840427339077,14.960699426560176,0.12026665210723878,230,0.11874325736097886,0.21241453455554116,0.13897407197571815,0.07598687741639358,0.13652968532715792,39.058194701114424,230,9.499460588878309,106.20726727777057,55.589628790287264,37.99343870819679,52.32244884128323,14.101930969138213,230,12.682237810101759,10.908177865305717,13.711198616253192,17.07105299408951,13.593166821437544,0.41772940476303516,230,0.43346377157829175,0.18701733317640093,0.3510600810355328,0.5467684231698513,0.3795774022400192,45.820370128319695,159,100.68760765923395,50.90982627868652,28.45940555844988,60.018946498790115,123.313821131887,153,115.61193593343098,126.48039830525717,119.3198400426794,120.47072476045587,0.38647922960186154,159,0.4361038522587882,0.3420043890463545,0.45315804046445657,0.4104220939231998,230,159,False,0.20362656939597357,0.201617925294808,0.5097255407344727,0.5316898274989356,0.45152529761904764,0.4462030319940476,0.20262224695512226,0.20729798724253973
62,52.4,0.0002,0.12180784387247903,2.5064527346974326,5.306437914712088,3.718601575351897,1.7637222582385654,1.1527325370482036,0.59076918335188,14.89823561622983,0.12013516233343145,230,0.11876916890622864,0.2118388464053472,0.1387502192024221,0.07588225217269999,0.13631012167167447,38.998239091557004,230,9.501533512498291,105.9194232026736,55.50008768096883,37.941126086349996,52.21554262062268,14.113716046940992,230,12.688117630170215,10.928967488774783,13.725021970787138,17.085456542881765,13.606890908153474,0.419660190006961,230,0.4341141715855666,0.189399348364936,0.35371668573389664,0.5490316950849125,0.3815654751923279,45.77422607469859,159,100.59166208902995,50.84216819925511,28.457378149032593,59.96373614577255,122.79726913551879,153,114.88339063856337,126.0098513285319,118.76194522998951,119.88506239902826,0.38702297823374754,159,0.43789537582132554,0.342899001976277,0.4529123030536409,0.4112355602837478,230,159,False,0.2030993639713242,0.20062688170444398,0.5195330801464263,0.5388445913791656,0.4527983165922619,0.4444277808779762,0.20186312283788407,0.21099849392970402
63,52.6,0.0002,0.12098009313146273,2.506857865764981,5.2963654245649066,3.719570629937308,1.7670631090799966,1.1594916966699418,0.5917982246194567,14.82618477685111,0.12009829098115797,230,0.11881440006931063,0.21189780202176836,0.13859619081337402,0.07592254225164652,0.1363077337890249,38.980234170089595,230,9.50515200554485,105.94890101088419,55.438476325349605,37.96127112582326,52.213450116900475,14.118826228507594,230,12.6923498832837,10.925693462532267,13.732859102458345,17.08844989374516,13.609838085504869,0.4210316272533458,230,0.4344092068118109,0.19116757975684273,0.3557518070682566,0.5505900446857724,0.38297965958067065,45.78157536488659,159,100.84793938530817,50.82108708645435,28.47244361468724,60.047156695483245,122.39376457064759,153,114.41596984863281,125.45117501152886,118.62771295618128,119.498285938781,0.3881699355237139,159,0.4399315681722429,0.3448294483600779,0.45260120515844654,0.41245407389692246,230,159,False,0.20173275768756865,0.1997865698876835,0.5422572879564195,0.5540046419416155,0.4596400669642857,0.43839634486607143,0.2007596643198104,0.2213175913407689
64,52.4,0.0002,0.12029414372075171,2.505800835859208,5.298655414581299,3.7151970534097583,1.7652399471827915,1.158356099611237,0.5915554076433182,14.800090685344877,0.1200616064602914,230,0.11890563069724701,0.21174768772390154,0.13837603146725513,0.07604988498081054,0.13626980871730354,38.95906147717134,230,9.51245045577976,105.87384386195077,55.35041258690205,38.02494249040527,52.190412348759466,14.1208770935461,230,12.69117620729211,10.928084150793758,13.74174651894268,17.08305876178763,13.611016409704044,0.42181313886590627,230,0.43446625076549156,0.19164346324072945,0.35716854115115837,0.5512729303113052,0.38363779636717116,45.74135973468517,159,100.83119032118056,50.73193306618548,28.510603155408585,60.02457551425821,122.32614828870187,153,114.17503441704645,125.15195583767361,118.97498801902488,119.43399275791496,0.38683197963631377,159,0.44016755123933154,0.34403968396339013,0.4500901162225221,0.41143245047508126,230,159,False,0.1915375278109596,0.18824999343071666,0.6168928715089957,0.6248836118550528,0.4895100911458333,0.4076352074032738,0.18989376028378804,0.26487548230659397
65,52.8,0.0002,0.11996672760163035,2.507331042630332,5.298091034662156,3.7178864342825753,1.7626602297737486,1.1616756457658042,0.5963415509888104,14.923040394555954,0.12023245310005934,230,0.11902650445699692,0.21193791925907135,0.13853164270837257,0.07630654836871795,0.13645065369828968,39.02245348756728,230,9.522120356559753,105.96895962953568,55.412657083349025,38.15327418435897,52.26425281345085,14.11263524146926,230,12.68818198199542,10.921692382513092,13.738841478329075,17.058908114476864,13.601905989328612,0.4216858285924663,230,0.4342172903494096,0.19037195377879673,0.35721330075187885,0.5511949126209531,0.3832493643752596,45.783144441040804,159,100.94450124104817,50.7666307408759,28.55278866631644,60.087973549413505,122.98738636690028,153,114.25213199191623,125.70326605902778,119.91679594251845,119.95739799782082,0.3848754771334945,159,0.43944108486175537,0.34323466053985535,0.44600308945934686,0.40955961162031923,230,159,False,0.1349818980055196,0.13661086200958206,0.7848955212604432,0.7727440677938007,0.6066255115327381,0.2921139671688988,0.13579638023816404,0.41903659296887263
66,52.5,0.0002,0.11957100455959638,2.5366691941306705,5.307143452053978,3.7684374604906354,1.7978817238694145,1.1928560415903726,0.6170271344837688,15.039617674691337,0.12034605762556844,230,0.1191244785949378,0.21226583586798775,0.1385625630141573,0.07654431834816933,0.13662429895631303,39.065289490896724,230,9.529958287595024,106.13291793399387,55.42502520566291,38.27215917408466,52.34001515033412,14.102700314192099,230,12.680431425146987,10.901898169746035,13.740108350052973,17.02898522582237,13.58785579269209,0.4210134020318156,230,0.4335879551272997,0.1887181798617045,0.35654623093123133,0.5506165772676468,0.3823672357969706,45.819862365722656,159,101.16567823621962,50.759217404304664,28.63393885748727,60.18627816600385,123.38861393149382,153,114.19080183241103,126.00592753092448,120.55939328228986,120.25204088187513,0.3838923436197095,159,0.43867457326915527,0.3431226634123224,0.4435228770598769,0.40844003791378486,230,159,False,0.09147017509454773,0.09833614908247476,0.8633955255860374,0.8414054440600531,0.6936761765252977,0.2049652099609375,0.0949031620862938,0.5458479698924791
67,52.6,0.0002,0.11847159610617729,2.536677552404858,5.306994597117106,3.7887476251238867,1.7893900224140713,1.186048039935884,0.6122072462524687,14.944777357010615,0.12031066756209602,230,0.11930389592135457,0.2123969942331314,0.13821000146104934,0.07674221148980516,0.1366632757763351,39.03874165014081,230,9.544311673708364,106.1984971165657,55.284000584419736,38.37110574490258,52.349478779899094,14.101408828035014,230,12.669766633716051,10.89605936705262,13.759929689907038,17.00486918391926,13.582656218648744,0.4200052920890891,230,0.43278351740937837,0.18741054832935333,0.35555570144602594,0.5493688673845359,0.3812796586423234,45.766568429814946,159,101.16315375434027,50.599312559087224,28.751439571380615,60.1713019616027,123.32687497606464,153,114.21564822726779,125.8637186686198,120.61733994660554,120.23223561416438,0.3840892949850304,159,0.4381520284546746,0.34335494540790296,0.4437761567533016,0.40842771020529306,230,159,False,0.08158126228622027,0.08769630255798498,0.8828333529688063,0.8615483005841573,0.7136986142113095,0.18502529121580577,0.08463878217374994,0.5609401891628901
68,52.6,0.0002,0.1199478855800061,2.545684422197796,5.3075067429315474,3.8241805065245855,1.798325918118159,1.1849944179966336,0.6134143204916092,15.109702128455753,0.12059727928236774,230,0.11949745570899735,0.2130947874652015,0.13857695484097968,0.07694585781012263,0.1370287639563253,39.14195483793383,230,9.559796456719788,106.54739373260074,55.430781936391874,38.472928905061316,52.50272525769343,14.082580777095794,230,12.656887461268884,10.86511756268443,13.742362230989523,16.97832966437084,13.560674229828418,0.41818709418825484,230,0.43192814794224754,0.1850875500175688,0.3531857077428635,0.5473372978823525,0.3793846758962581,45.86874275687356,159,101.33205837673611,50.734359862956595,28.787709747041976,60.28470932891156,123.76043790929458,153,114.71348487006293,126.20123358832465,121.20027061744973,120.70499635861245,0.3825043874716609,159,0.4355059795909458,0.34170270243540724,0.44247481719191584,0.4065611664060896,230,159,False,0.08451394260018355,0.08647032435096445,0.8760826922598339,0.8670787236520222,0.7191522507440476,0.18150459471203031,0.08549213351770527,0.5692291695447195
69,52.7,0.0002,0.11971167322425615,2.552989007177807,5.306723476591564,3.8479080063956124,1.8038835732709795,1.1957576323123205,0.6106720775365829,15.093279797690256,0.12094617328889992,230,0.1197195887880426,0.21454757783148024,0.13891401847309254,0.07729791277753455,0.13761977446753748,39.273826160508655,230,9.577567103043409,107.27378891574011,55.565607389237016,38.648956388767274,52.766479949196956,14.058565515752482,230,12.642638501478622,10.812894004075151,13.725023704181227,16.935258228363875,13.528953609524718,0.41585138666888943,230,0.43090223195687144,0.18060874773396385,0.35031795676084276,0.5445784607103893,0.3766018492905168,46.039225752248704,159,102.1772232055664,50.86603237720246,28.914907898221696,60.65272116033018,124.15213436550565,153,114.771482679579,126.50851058959961,121.78828260633681,121.02275862517179,0.38100492991741347,159,0.43480319115850663,0.3408362958976563,0.43978470217968735,0.40514139641195007,230,159,False,0.08002745250594757,0.08014363428311688,0.8819490940797896,0.8739120567128772,0.7293433779761904,0.17082639648800804,0.08008554326813845,0.5691234988825662
70,52.8,0.0002,0.11823613547853061,2.5500050828570413,5.297202909560431,3.853732763017927,1.802418147382282,1.1856249267146701,0.6110463748375575,14.964960338955834,0.12132953164046226,230,0.11991434670250181,0.2156806985537211,0.13942821323871613,0.07758027375010508,0.13815088306126103,39.41923963278532,230,9.593147736200144,107.84034927686055,55.77128529548645,38.79013687505254,52.99872979589992,14.031513544874525,230,12.633408427636505,10.77869626511501,13.692526851306754,16.895898688394265,13.500132558113133,0.4134936100762823,230,0.42979150989525755,0.17748383515410954,0.3470812864760135,0.542238172675882,0.37414870105031567,46.24381293290816,159,102.80252414279514,51.08458165919527,29.02844398362296,60.971849928537786,124.37089628331802,153,115.39389207628038,126.68214484320747,122.01498271800854,121.3636732124988,0.3802061148643869,159,0.43402545981936985,0.340023565482586,0.4390058566017875,0.4043516273012478,230,159,False,0.08283033138584522,0.08250219875148364,0.8728955196482795,0.8733386444193977,0.7288178943452381,0.17038517225356328,0.08266626521945,0.5913416628326689
71,52.5,0.0002,0.11795068227109455,2.5607707784289406,5.2964385305132184,3.874773462613424,1.8197601715723672,1.1999908810570126,0.6128905350253695,14.959484127589635,0.12169561502726181,230,0.1202097069734419,0.21643465757369995,0.13981990381441217,0.07793070329353213,0.13859874291377153,39.547979001441725,230,9.616776557875351,108.21732878684998,55.92796152576487,38.96535164676607,53.18185462931407,14.006174168117843,230,12.619711840001102,10.744884119579439,13.668481261283578,16.85498789982419,13.472016280172078,0.4113979136166365,230,0.42856842384371957,0.17438635561201307,0.34452981818863687,0.5399621772978987,0.37186169373556704,46.40501511771724,159,103.1483883327908,51.255113926339654,29.144307136535645,61.1826031318887,125.00436860128166,153,115.80909474690755,127.1266849093967,122.99972039681894,121.97850001770773,0.3788744952271944,159,0.4327003061771393,0.3397173076233965,0.43595205480232835,0.40278988953428807,230,159,False,0.07795314560422585,0.0779723103291222,0.8841891725858052,0.8763326904603413,0.737968517485119,0.16172968092418852,0.07796272803984937,0.6036450746513549
72,52.8,0.0002,0.11715556124136561,2.5588880527587166,5.305802417936779,3.8890374467486426,1.7975258208456493,1.1917724810895465,0.6103017976596242,14.874008437565395,0.12195032984018325,230,0.12045707390971587,0.2170247584581375,0.1400045171538566,0.07825850316190294,0.13893621317090324,39.6357196799439,230,9.63656591277727,108.51237922906876,56.00180686154264,39.12925158095147,53.320000896085034,13.989146818792134,230,12.606172894231205,10.714806999213526,13.662976716084753,16.816293187980126,13.450062449377402,0.4095609681761783,230,0.4274349791902891,0.1714448846048779,0.34247278009957455,0.5377802476286888,0.3697832228808576,46.49584704225168,159,103.3723898993598,51.31072718031863,29.27285385131836,61.31865697699893,125.63255644156263,153,116.4391131930881,127.79986021253798,123.55262403134947,122.59719914565852,0.37843777030800124,159,0.4316118094656203,0.33939551799855333,0.43542715181995717,0.4021448264280436,230,159,False,0.07624962240723628,0.07748938438349537,0.8886461827017013,0.879691156744957,0.7392810639880952,0.16013445172991073,0.076869503151448,0.599564248749188
73,52.2,0.0002,0.11755501727263133,2.562062552997044,5.30968481245495,3.8969493400482906,1.8039125311942328,1.1899518901393527,0.6098138817719051,14.927161866142637,0.1220926221460104,230,0.12067665668650412,0.21713615953922272,0.14008150479577958,0.07841738539614848,0.13907792660441373,39.6752499970405,230,9.654132534920329,108.56807976961136,56.032601918311826,39.20869269807424,53.36587673022944,13.981765988910517,230,12.59453293789924,10.701275704509484,13.665679548659673,16.798374641856757,13.439965708231288,0.4079888992983362,230,0.4262410817851483,0.16949154767725202,0.340805876603786,0.5359491732503686,0.3681219198291387,46.50136055136627,159,103.1776589287652,51.29565109090602,29.345110620771134,61.27280688014745,126.30453506170535,153,117.23833804660373,128.74583655463326,123.74673207600911,123.24363555908202,0.37783708835735264,159,0.4303515950838725,0.3383604481499246,0.4356616172673447,0.4014578868337139,230,159,False,0.07545820419188766,0.07412923723459244,0.8853313688720975,0.8837500207480931,0.7434907459077381,0.15472001348223005,0.07479372071545748,0.609597586946828
74,52.8,0.0002,0.11691360051433246,2.560529683317457,5.306640157245455,3.888723407472883,1.8092338831651777,1.188935664438066,0.6091150747878211,14.859556602296376,0.12233975923255734,230,0.12071995778192937,0.21801699697971344,0.1404671201363523,0.07858866705958333,0.1394481854893946,39.77744452784891,230,9.65759662255435,109.00849848985672,56.18684805454092,39.294333529791665,53.536819174185915,13.9669876667024,230,12.590011155876526,10.665982687254754,13.64877282127402,16.777462176594064,13.420557210249841,0.4063084011492522,230,0.42517647273103953,0.16782709625032213,0.3386806592028192,0.5342317298054695,0.3664789894974126,46.66728260832013,159,103.65849049886067,51.47390434589792,29.439723423549108,61.52403942276923,126.40469046200023,153,117.59608205159505,128.7776162041558,123.91791562680845,123.4305379608531,0.37828709576396075,159,0.43052415715323555,0.33955895956209364,0.434899796665247,0.4016609711268588,230,159,False,0.08101546627779802,0.0758551290879647,0.8778948609318052,0.8891018734091805,0.7444301060267857,0.1547676336197626,0.07843529742565893,0.6076668612304188
75,52.8,0.0002,0.11650293781643822,2.5591577825092133,5.313660439990816,3.886111866860163,1.801178290730431,1.1886905789375306,0.6061475383383887,14.822296010880244,0.12254454627957033,230,0.12083473565502906,0.21845953828758663,0.14076585140317044,0.07871167029121093,0.13969294890924927,39.85274783359922,230,9.666778852402324,109.22976914379332,56.30634056126818,39.35583514560546,53.63968092576732,13.955210880851682,230,12.582888637013706,10.656303588471197,13.634606153220567,16.763458904802494,13.409314320876991,0.40511789788370545,230,0.4242418257283493,0.16680742137961918,0.3373982666971836,0.5328436254390648,0.36532278481105424,46.81096927474879,159,103.9488525390625,51.63241930210844,29.53494691848755,61.7054062532195,126.12159050835504,153,117.64691246880426,128.3972688462999,123.74123961837203,123.2618069778254,0.3791654688663453,159,0.4298316819800271,0.3406455448650299,0.4356811284752829,0.40205278510677994,230,159,False,0.07313036726388548,0.07384517546299668,0.8906322934797832,0.8834239597831454,0.7431047712053571,0.15637502783820742,0.07348777145768205,0.6128444925660179
76,52.6,0.0002,0.11655134313872882,2.559124947729565,5.305626337868826,3.891116854122707,1.8004228569212415,1.1932700174195425,0.6051883691833133,14.82091120311192,0.12271465897236182,230,0.12100365054859243,0.21906858517063987,0.14097194405312233,0.0787523636993553,0.13994913586792748,39.90748107984014,230,9.680292043887393,109.53429258531995,56.388777621248934,39.37618184967765,53.74488602503348,13.94489442773014,230,12.576525447808427,10.635032709441274,13.618437717271238,16.75971378169761,13.397427414054636,0.4038734046013459,230,0.4230387953805252,0.1655719114674462,0.33609791131729777,0.5316388878439154,0.36408687650229615,46.88453823065608,159,104.2666278415256,51.730659728354595,29.527855600629533,61.841714390169905,126.11002649045459,153,117.86423577202692,128.27794842190212,123.87112172444661,123.33776863945855,0.3792794407491789,159,0.4289304233259625,0.341358084865707,0.4349535230680236,0.40174734375323107,230,159,False,0.07401484581420109,0.06925632474234417,0.8889047825620288,0.8937520027160645,0.7532784598214286,0.14603223005930582,0.07163558540244898,0.6066519040436972
77,52.9,0.0002,0.11598703715772855,2.562288397266751,5.306028724852062,3.896844201996213,1.8066853960355123,1.1960073363213313,0.605876072247823,14.779816931769961,0.12279455514381761,230,0.12117996135018241,0.21885496543513405,0.14098939854413906,0.07886200491338968,0.1399715825607113,39.9238567293986,230,9.694396908014593,109.42748271756702,56.39575941765562,39.43100245669484,53.73716037498302,13.939849006274507,230,12.57205697141146,10.635136163644717,13.617319306233176,16.746517610967896,13.392757513064312,0.40311989460302433,230,0.42209093104785594,0.16458160512977177,0.3356717346196479,0.5306203956050533,0.3632411666005822,46.875436830820526,159,103.88867102728949,51.74436613853941,29.539749997002737,61.724262387610544,126.30813658471202,153,118.77035183376736,128.2267450120714,124.36675333093714,123.78795005892532,0.3788978998672287,159,0.4272819360097249,0.34210789322536045,0.4328765480646065,0.40075545909989724,230,159,False,0.07009241987197172,0.07052083226098191,0.9000311058192026,0.8911739601975396,0.7555524553571429,0.14362213952200753,0.0703066259445179,0.6188248560542152
78,52.6,0.0002,0.11515137794471922,2.560664665131342,5.307371289389474,3.898793334052676,1.7981241402171908,1.1894070730322883,0.6096272631770089,14.707057625906808,0.12287562185007593,230,0.12131600931916438,0.21902032693227133,0.14105245748415907,0.07889004317777497,0.14006970922834244,39.944173976131104,230,9.70528074553315,109.51016346613567,56.42098299366363,39.445021588887485,53.770362198554984,13.937154513607666,230,12.566742913816373,10.629807728722904,13.614208810691776,16.748265955094066,13.38975635208128,0.40247047588877055,230,0.42141727641434734,0.16364977757136026,0.3352495958196356,0.5296655861394746,0.36249555898620445,46.900433138481475,159,104.16626230875652,51.74683270555862,29.56196846280779,61.82502115904097,126.65366019454657,153,117.90685102674696,128.77302873399523,124.57918082343207,123.75302019472475,0.3782291204533862,159,0.429117179579205,0.3411825498209355,0.432235997369779,0.4008452422566398,230,159,False,0.07179189598453896,0.06927558177461227,0.8974358655157544,0.8986554418291365,0.7553769066220238,0.1436438378833589,0.07053373876426901,0.6312550617115839
79,52.8,0.0002,0.11465481899323918,2.5583431164423627,5.309456961495536,3.8783944084530786,1.797468976747422,1.1947386781374614,0.6116563366282554,14.645126878647577,0.1230147922978453,230,0.12145993905797811,0.2187214559978909,0.1412880632313008,0.07893170549401216,0.1401002909452955,39.985469292039454,230,9.71679512463825,109.36072799894545,56.51522529252032,39.465852747006075,53.764650290777524,13.927293425868514,230,12.557615556540869,10.641690303112433,13.598412164280113,16.743943344018113,13.385415341987882,0.4016528498867284,230,0.42078534797043865,0.1633023586538103,0.33428465892025766,0.5287842250296048,0.3617891476435278,46.93973212572014,159,103.9988276163737,51.822134910745824,29.574058532714844,61.79834035327812,126.9979790082944,153,117.98008134629991,129.27056672838,124.71331575181749,123.98798794216582,0.378438504939934,159,0.42899281945493484,0.34082865798251427,0.4334445189285491,0.4010886654553327,230,159,False,0.07247834806108759,0.06900620742124461,0.8933393056903567,0.895319464802742,0.754345703125,0.14517994835263207,0.0707422777034697,0.6213018221514566
80,52.9,0.0002,0.11485043980536007,2.559659721737816,5.311883163452149,3.902215263957069,1.7886033535003663,1.188890114284697,0.6067064977827527,14.680815773918516,0.12311992267875568,230,0.12166231723738388,0.21916148397657606,0.14123207100845397,0.07913017252992306,0.14029651118808426,40.01408408938543,230,9.73298537899071,109.58074198828803,56.492828403381594,39.56508626496153,53.84291050890546,13.92195158193553,230,12.5468831603752,10.625224486054318,13.60499404447571,16.727208908987986,13.376077649973304,0.40092791752970736,230,0.4200232990191016,0.1616668982638253,0.3339748090886055,0.5275559404066631,0.3608052366945489,46.959751297093035,159,104.25087059868707,51.78915636590187,29.645748615264893,61.895258526617944,127.07201589945875,153,118.0095460679796,129.19796617296007,125.03917708220305,124.0822297743809,0.3777047410466761,159,0.4283536755376392,0.340396407159402,0.4321894370285528,0.4003131732418647,230,159,False,0.07301698716446048,0.07214618059584782,0.8907579545463834,0.8904279329947062,0.7494954427083333,0.14953192075093588,0.0725815841839427,0.6361120395007588
81,52.5,0.0002,0.11383435300418308,2.558927479812077,5.30962279183524,3.8990740424110775,1.793076855795724,1.189492635074116,0.6033708319777534,14.573096320742653,0.1230376607697943,230,0.1217040548127302,0.2185803254445394,0.1410051719780932,0.07921366054298622,0.14012580319458726,39.97681503224632,230,9.736324385018415,109.2901627222697,56.402068791237284,39.60683027149311,53.75884654250463,13.923497807818633,230,12.543257219782145,10.643352271891404,13.61520151235855,16.718109296161195,13.379980075048323,0.40059680206620174,230,0.4197337337782685,0.16116397745079464,0.333787849608888,0.5269577806549413,0.3604108353732231,46.886406664578416,159,103.81581793891058,51.700063340207365,29.65697043282645,61.724283903981465,126.91599183924058,153,117.97127363416884,128.740941535102,125.36519538031683,124.02580351652922,0.37734569339725954,159,0.4264913722872734,0.3409307685859026,0.43057233308042797,0.399331491317868,230,159,False,0.07412007868378645,0.07402495780205798,0.8890284590777897,0.8865919503427687,0.7504022507440476,0.14919254666283016,0.07407251810211511,0.6307335160317875
82,52.7,0.0002,0.11366703464161781,2.5605228622754415,5.313165442148844,3.892721403212774,1.8008761170364562,1.190988288606916,0.6048627752633322,14.549969350723993,0.1231861812265023,230,0.12177494776920533,0.21927694148487514,0.1412319283377617,0.07924119023872274,0.14038125195764123,40.03261640084826,230,9.741995821536428,109.63847074243758,56.49277133510468,39.62059511936137,53.873458254610014,13.915323616820766,230,12.539646504663793,10.621113056288005,13.604010093880394,16.711474351898175,13.369061001682592,0.39980286878088245,230,0.41875990532653434,0.15950453281402588,0.3331449141210698,0.5262775681912899,0.35942173011323,46.96399415214107,159,104.20732031928168,51.78407336295919,29.673326628548757,61.88824010359654,127.13477554819943,153,118.05921851264105,129.00664961073133,125.5275782832393,124.19781546887056,0.37633755941342256,159,0.4260662818948428,0.3394970988181043,0.43018478787104997,0.39858272286133234,230,159,False,0.06944027042814664,0.06622600056275371,0.8954358628817967,0.8986766084319069,0.7585902622767857,0.13966954549153646,0.06783313560964806,0.6227429827763921
83,52.8,0.0002,0.1137055679446175,2.5619242424056643,5.309177625746954,3.910369809468587,1.787363205353419,1.1976850870109739,0.605025115680127,14.563339405968076,0.12330016822594664,230,0.12188620094052503,0.22053434451421103,0.1413151556824116,0.07922651232885462,0.14074055336650057,40.071784219664075,230,9.750896075242002,110.26717225710551,56.52606227296464,39.61325616442731,54.03934669243487,13.907126694884822,230,12.531887379969337,10.58415766386034,13.595625108713012,16.70765994021286,13.354832523188888,0.3991686442623968,230,0.4180638095442678,0.1570730209350586,0.332375907993063,0.5262368779097285,0.3584374040955295,47.049223461990834,159,105.0959235297309,51.85058118941936,29.660867622920446,62.2024574473569,126.89351544349022,153,117.97253926595052,128.57327728271486,125.58074174103913,124.04218609656817,0.3774606334806988,159,0.42712991105185616,0.34178255843196775,0.42936626841713277,0.39942624596698556,230,159,False,0.07032975184598139,0.06618459132012157,0.8986904943273181,0.9056964455615907,0.7603620256696428,0.13940304347446986,0.06825717160744327,0.6308583794605165
84,52.8,0.0002,0.11336816457055864,2.5609286228815713,5.308265309106736,3.907832452229091,1.7915699027833485,1.1908515315680277,0.606123734939666,14.525915559132894,0.12315478710376698,230,0.12189554958276345,0.22153080172008938,0.14095906778535944,0.07905513261045728,0.1408601379246674,40.0124347443166,230,9.751643966621076,110.76540086004469,56.38362711414378,39.52756630522864,54.107059561509544,13.918023554514475,230,12.532937469270228,10.554958757595958,13.615261579503693,16.722814998722004,13.356493201272972,0.3988198187688123,230,0.4177453784455716,0.15553904241985744,0.33188652770316346,0.5262759189520564,0.3578617168801622,47.0044303270256,159,105.92383575439453,51.75253547506129,29.56520652770996,62.41385925238859,126.46362962909774,153,117.37821027967665,127.84661602444119,125.67288886176215,123.63257172195999,0.3789598895412571,159,0.429171659052372,0.3432136340502729,0.4308927840154086,0.40109269237268447,230,159,False,0.0675512666414891,0.06583190527966334,0.9022903611262639,0.9012592783996037,0.7592692057291667,0.13954849924360002,0.06669158593174956,0.6281704767828896
85,53.0,0.0002,0.11324346356448672,2.5573463161786396,5.304827617463611,3.893080306053162,1.7949656171458108,1.187211617401668,0.6066461777403241,14.514016782669794,0.12319011129438877,230,0.12190948526414347,0.22165536052650875,0.1409805972683937,0.07912638849977936,0.14091795788970632,40.02741014763065,230,9.752758821131478,110.82768026325438,56.39223890735748,39.56319424988968,54.13396806040826,13.915983690677256,230,12.533660672804608,10.546745338129023,13.613212519432208,16.718279575300947,13.352974526416697,0.3984643310956333,230,0.4174294568283457,0.15521328316794503,0.33163140064224284,0.5256970269339425,0.357492791893119,47.04375162664449,159,106.06589847140842,51.788167020107835,29.594209330422537,62.48275827397959,126.1996269974054,153,117.18515862358942,127.45693537394206,125.606524432147,123.41620614322615,0.3796565757373219,159,0.4295795046620899,0.3438569063201864,0.4317255501103188,0.40172065369753174,230,159,False,0.07165523586972129,0.0678647001074361,0.8924034571363813,0.8972255502428327,0.7567185174851191,0.14342224484398253,0.06975996789655516,0.6323241179897672
86,52.4,0.0002,0.11218848228454589,2.551432687895639,5.308969851902553,3.8895674546559653,1.7777747069086347,1.1799390608356113,0.6009120812018712,14.397116261436826,0.1233316323193519,230,0.12201700511742646,0.22169688012864855,0.14116152463124154,0.07926094345748425,0.1410340883337002,40.07683605473974,230,9.761360409394117,110.84844006432428,56.464609852496615,39.63047172874212,54.17622051373928,13.908619868062624,230,12.528711058115135,10.544873205545521,13.606853423075577,16.705285784093125,13.34643086770734,0.3979832979000133,230,0.4169993497116465,0.15449849598937565,0.33116206495051687,0.5251693592539856,0.35695731747638115,47.121375509777906,159,106.18888176812067,51.86001156746073,29.674244335719518,62.574379223766975,126.19959403642642,153,116.73119184705946,127.69256091647678,125.28938293457031,123.23771189936885,0.38005099098824857,159,0.43030274162689847,0.34431663345783314,0.43195748834737707,0.4021922878107029,230,159,False,0.07058732755304802,0.06302990063226649,0.895730177561442,0.9105714477243878,0.7617978050595238,0.13573864244279407,0.06680861414365825,0.6268352840627943
87,52.6,0.0002,0.11172061278706505,2.560490537825085,5.304399939945766,3.9081681705656504,1.7913567049162729,1.1928599488167535,0.6056677067563647,14.358597587403796,0.12342838988355968,230,0.12215363339219294,0.22150315013196734,0.14125265418849092,0.07936328316905669,0.14106818022042697,40.103776258618936,230,9.772290671375435,110.75157506598367,56.50106167539637,39.68164158452834,54.176642249320956,13.902014702576196,230,12.518825278436704,10.551537373276235,13.602504266659325,16.696920524965293,13.34244686083439,0.3973733765275582,230,0.4162248190439923,0.15425149268574184,0.3305430745190762,0.5247250358973231,0.3564361055365334,47.154966234411084,159,106.15927971733942,51.88854525951629,29.726479632513865,62.59143486978986,126.16747318841273,153,116.32703908284505,127.79485532972548,125.09524197048611,123.07237879435222,0.3802927555106346,159,0.4313422408368852,0.34374285005825633,0.4334400009496936,0.40284169728161173,230,159,False,0.07012386810300605,0.06818524175101802,0.9015826902219227,0.8961395692257654,0.7600516183035714,0.13982544853573753,0.06915455501349199,0.6260457048813503
88,52.9,0.0002,0.1115227562331018,2.5567756681215195,5.3010349954877585,3.9089981839770362,1.7825271467367807,1.1865817693017777,0.6047360227221534,14.33624890645345,0.1234170198602521,230,0.12217455955458359,0.22115285197893778,0.14119225994069526,0.07944772745083485,0.14099184973126286,40.097846411168575,230,9.773964764366687,110.57642598946889,56.4769039762781,39.723863725417424,54.137789613882774,13.902309635493946,230,12.518017706149044,10.564962148160616,13.604421436314029,16.69378008357252,13.345295343549052,0.3968526568749677,230,0.4157118241132145,0.15465687380896675,0.33015812901740377,0.5238177781658513,0.35608615127635906,47.164285000015354,159,106.09085252549913,51.87964423159335,29.778876508985245,62.58312442202591,125.73825796289381,153,115.62093183729384,127.30692520141602,124.81003358629015,122.579296875,0.38091395673511913,159,0.4320604254802068,0.3436974635387355,0.43516453069501687,0.40364080657131973,230,159,False,0.0725494868299436,0.06828156259531776,0.8977103359642483,0.8991289898043587,0.7575532459077381,0.14163727760314943,0.07041552465054252,0.6271974923355239
89,53.1,0.0002,0.11153264565482027,2.558829843430292,5.2993344170706616,3.9114569005512054,1.7844147588525499,1.1967858612537383,0.6021569650088038,14.33944290251959,0.12329470411590908,230,0.12223730719005557,0.22153673900498283,0.1407438339071071,0.07955682317593268,0.14101867581951955,40.04688014867513,230,9.778984575204447,110.76836950249142,56.29753356284284,39.77841158796634,54.155824807126265,13.90598095828768,230,12.51209797639142,10.55300520088243,13.624183490521533,16.6851137350966,13.343600100722995,0.39674942201894264,230,0.41521660647761655,0.1542828463845783,0.33044323404418663,0.5236031854791301,0.3558864680963779,47.113056074898196,159,106.28521135118272,51.73237102589709,29.849395309175765,62.62232589541853,125.20199604907067,153,115.5208028157552,126.48044645521375,124.6847775777181,122.22867561622901,0.38194930462061233,159,0.43138190772798324,0.3447533840749492,0.43644078860857655,0.4041920268038363,230,159,False,0.0706664169185041,0.06708560416563636,0.8943591449941908,0.9028670834643501,0.7569056919642857,0.14234927608853296,0.06887601060970198,0.6273484874339331
90,52.9,0.0002,0.11100565007045156,2.5550440686089653,5.303479821341378,3.899138687905811,1.7803512249674116,1.1918472568194072,0.6004030722947348,14.276996544429235,0.12323678710862346,230,0.1223213969087097,0.22214585873815748,0.14041993822506132,0.07965812379760402,0.14113632941738313,40.02025670590608,230,9.785711752696775,111.07292936907874,56.167975290024536,39.82906189880201,54.213919577650515,13.910277763838494,230,12.506489713513437,10.540077119064826,13.644820620800035,16.677308635653798,13.342174022258025,0.3967812593864358,230,0.41488386543703754,0.15343755152490404,0.3309754900475766,0.5233982354402542,0.3556737856124431,47.06852519437202,159,106.6377665201823,51.63882352950725,29.82332491874695,62.6999716561455,124.99678932140075,153,115.27968004014757,125.82693133884005,125.23273750587747,122.11311629495503,0.38245410005907593,159,0.42963377717468476,0.3463876480434803,0.4354117678345314,0.4038110643508988,230,159,False,0.06932190603887041,0.06749632079819483,0.8932996209178652,0.8973770022392273,0.7568324497767858,0.1421388898577009,0.06840911312472253,0.6213874100929215
91,52.9,0.0002,0.11037212528643153,2.5512504759288968,5.306787159329369,3.8926051628021967,1.770096020471482,1.1841811725071498,0.602582608801978,14.222194680713471,0.12325625291661076,230,0.1223598373397975,0.22256128821108076,0.14031554290905912,0.07979780522042088,0.14125861842008958,40.02927231561878,230,9.7887869871838,111.28064410554038,56.12621716362365,39.898902610210435,54.27363771663956,13.910795936911631,230,12.507335694106247,10.530316954033715,13.654005606426232,16.664515207460042,13.339043365506559,0.3968202988414661,230,0.4147770192841409,0.1529745583732923,0.33150863536494846,0.5228735288339001,0.35553343546407046,47.06906647352302,159,106.9297137790256,51.587416628573806,29.864231824874878,62.79378741082476,125.06888271157258,153,114.99136861165364,125.88387849595811,125.39014208758319,122.08846306506497,0.3817609444073161,159,0.4291200207339393,0.3456567489799667,0.43475313517930253,0.4031766349644028,230,159,False,0.06785117397750062,0.06613866477495148,0.897594595239276,0.9000893059230987,0.7605852399553571,0.13849198477608818,0.06699491945937985,0.6337316947323935
92,52.5,0.0002,0.11024980566331319,2.5498121619224547,5.302564430236816,3.8812144654137746,1.7735356626056489,1.1890381639912015,0.6027078279427119,14.184591497693743,0.12318896034165569,230,0.1223245238439298,0.22173873749044207,0.14033676921687227,0.0796627632475325,0.14101569844969417,39.999336989677474,230,9.785961907514384,110.86936874522104,56.13470768674891,39.831381623766255,54.15535499081265,13.918053717861458,230,12.511839490702409,10.558817775318406,13.657664853789022,16.677890982754118,13.351553275640988,0.3979535233715306,230,0.41536816366961304,0.15469206041759914,0.33306577516363023,0.5238885597458908,0.3567536397491833,47.02399037918955,159,106.34556410047743,51.59862883547519,29.81130862236023,62.585167186104286,124.95709946576287,153,115.09379323323567,125.83083165486654,125.14476352267795,122.02312947026006,0.38281501300117504,159,0.42988782707187867,0.34667692052081545,0.43591010883184417,0.40415828547484606,230,159,False,0.111295126555931,0.11244968890345522,0.8502447265244666,0.8602830868391763,0.723300316220238,0.176062654313587,0.11187240780730333,0.6097986914572262
93,52.6,0.0002,0.10967760036389033,2.552841826279958,5.308900774092901,3.9075947704769316,1.7654079987889244,1.1807027923209326,0.6016025465159189,14.114915034884499,0.12329679601218389,230,0.12240774577981989,0.22230658597416347,0.14049990887337543,0.07963504329589861,0.14121232098081435,40.03579747320517,230,9.792619662385592,111.15329298708174,56.19996354935017,39.817521647949306,54.2408494616917,13.916436122288044,230,12.510515730763956,10.543082265671858,13.65640128274021,16.67757554059612,13.346893704943035,0.39788708777531334,230,0.4154364760492889,0.15428117911020914,0.3327906388551631,0.5240569593650954,0.35664131334493915,47.082510390371645,159,106.68752543131511,51.68946006450247,29.770038877214706,62.71567479101076,124.83084365744996,153,115.27112494574652,125.50675921969943,125.29760417231807,122.02516277925467,0.38306663049466955,159,0.42925894177622265,0.3471941339605032,0.435857413935342,0.40410349655735595,230,159,False,0.07524319220600384,0.07289771057576651,0.8863260787157785,0.8914027991748992,0.7379475911458333,0.1604952539716448,0.07407045126227396,0.5943131428389322
94,53.0,0.0002,0.11006180463092667,2.565039048876081,5.306870846521287,3.926499214626494,1.7843922365279425,1.1984336481207893,0.6089990222737902,14.198707031068349,0.12348640418570975,230,0.12252947913718895,0.22236848374207815,0.14084083824715715,0.0796772284832384,0.14135400740241566,40.10088493027117,230,9.802358330975116,111.18424187103908,56.33633529886286,39.8386142416192,54.29038743562406,13.9069433600969,230,12.505439447127166,10.539025305397935,13.640851721930925,16.67177647261018,13.339273236766552,0.3972893440205118,230,0.4148489241029175,0.15402701497077942,0.3318922091671761,0.523895798517125,0.3561659866894995,47.17837905883789,159,106.73519812689887,51.834748085508956,29.790699413844518,62.78688187541744,124.85131885802824,153,115.38766818576389,125.43745312160915,125.45170353077076,122.09227494604794,0.3833437651958106,159,0.4274429563019011,0.3476265637957035,0.4362102689753686,0.40375992969099106,230,159,False,0.06661386823370344,0.06196615381299385,0.8964669491563525,0.9102546473344167,0.7562802269345238,0.1434680393763951,0.06429001094684714,0.6274875061143013
95,52.8,0.0002,0.10933050523911203,2.5611087174642653,5.310121835981096,3.920388598669143,1.780421864702588,1.1877936722267242,0.6068173883216722,14.12887290318807,0.1234839069130628,230,0.12264916893671936,0.22179319626755184,0.14074726386907252,0.07976475045351046,0.14123859488171353,40.08794259539117,230,9.811933514937548,110.89659813377592,56.29890554762901,39.88237522675523,54.22245310577443,13.904604213764665,230,12.503217760714143,10.558876971773053,13.640099050953033,16.663059011064757,13.341313198626246,0.3970514468524767,230,0.414514046529649,0.1542288495434655,0.3316505917526306,0.523716432175466,0.3560274800003028,47.147937462764716,159,106.29407077365451,51.83484905324084,29.774993010929652,62.63463761260834,124.61632094040415,153,115.93716515435113,124.71295445760092,125.90179104275174,122.18397021823459,0.38282174310125644,159,0.42699629647864235,0.34821130204549494,0.4338183587949191,0.4030086524396855,230,159,False,0.06452931693888136,0.06213893953356005,0.9044305741786957,0.9089292513472693,0.7617652529761905,0.1372418131147112,0.063334128446877,0.6347135857457207
96,52.4,0.0002,0.10903483286854766,2.5635866590908596,5.309401902698335,3.9212738536653067,1.7840050890332178,1.1959227617297854,0.6073294800661859,14.097816312880743,0.12353970461889453,230,0.12277459122345481,0.22156976328955758,0.14076082170643706,0.07984805313338127,0.1412383073382077,40.09902607325626,230,9.821967297876386,110.78488164477878,56.30432868257482,39.924026566690635,54.20880104798015,13.901191963779494,230,12.49689156114514,10.573205490817223,13.638005352104905,16.658276755585042,13.341594789913078,0.396441905653995,230,0.4138175582801792,0.15339523057142893,0.33095038920006853,0.5234053214745862,0.3553921248815657,47.15497481148198,159,105.98473866780598,51.85921238838358,29.803792544773646,62.54924786698774,124.33996956021178,153,116.78331417507596,124.20798602634007,125.81938468085394,122.27022829408999,0.38277623418179696,159,0.42653549048635697,0.3484232909184821,0.4334073656105569,0.4027887156717987,230,159,False,0.06545448539601195,0.0655857375800787,0.9004034574542726,0.89985914457412,0.7594156901041667,0.13960129079364594,0.06552011133836848,0.6307463482731864
97,52.6,0.0002,0.1094359372165941,2.556842730158851,5.3123988287789485,3.901100864864531,1.7807900854519436,1.1827474568571363,0.6071761039041338,14.123780354999361,0.12360139383893946,230,0.12281283547340983,0.22188852727413177,0.14085919639848649,0.07983657245391182,0.14134928289998497,40.12089170223993,230,9.825026837872787,110.94426363706589,56.34367855939459,39.91828622695591,54.257813815322294,13.900847320800686,230,12.49543519682059,10.563941319972905,13.639140170036885,16.65829173119058,13.33920210450524,0.3963871155096137,230,0.41371220476190806,0.1520791235897276,0.33091259779448207,0.5235888165022645,0.35507318566209556,47.151450391085646,159,106.04368252224393,51.85721977720869,29.78765732901437,62.56285320948899,124.71088299720115,153,117.2311748928494,124.79613571166992,125.81541315714519,122.61424125388817,0.38229762973650444,159,0.42536616656515336,0.347508537523607,0.43377187681783524,0.4022155269688652,230,159,False,0.06638932950528605,0.05994772743433714,0.9007916819481623,0.9148756796405428,0.7636904761904761,0.1354154632205055,0.06316852847202903,0.6233438454213597
98,52.7,0.0002,0.108082079993827,2.5567128681001208,5.312585867018926,3.9111185925347463,1.770311560233434,1.1866231239977336,0.602924962696575,14.004554943811327,0.12372112776274266,230,0.12290339922191391,0.2216468569305208,0.140965776557618,0.08007345235507403,0.14139737126628169,40.16466099250576,230,9.832271937753113,110.8234284652604,56.3863106230472,40.03672617753701,54.269684300899435,13.892678419230771,230,12.490842046414661,10.571530092826933,13.634507204705521,16.63712148303349,13.333500206745152,0.39614877104759216,230,0.41353474095673626,0.15136660635471344,0.3308138631759806,0.5231151453086308,0.3547075889490153,47.18729017965449,159,105.84417046440973,51.87167589715187,29.89721553666251,62.53768729940804,125.02297709346597,153,117.44368065728082,125.29987157185873,125.82470236884222,122.85608486599392,0.3818370163229839,159,0.42429544693893856,0.3466997328511578,0.4339937800874135,0.4016629866258366,230,159,False,0.06640190797902289,0.06333605979702302,0.9011441994281042,0.9052606000786736,0.7652890159970238,0.133942867460705,0.06486898387915321,0.6396340402818862
99,52.9,0.0002,0.10778740630263374,2.559227348509289,5.313113435109456,3.9186990034012568,1.7699574098700568,1.1912379484801066,0.6031286988939558,13.970707362038748,0.12389735715544742,230,0.12293371962199748,0.22117191718684304,0.14134668860029667,0.08019575124074306,0.14141201916247007,40.233276873503044,230,9.834697569759799,110.58595859342151,56.538675440118666,40.09787562037153,54.264301805917874,13.884758737926246,230,12.49172241116332,10.586167569474842,13.619549303747458,16.626233497373324,13.330918195439736,0.3956337652452614,230,0.41349156494711486,0.1514578718278143,0.32998354019636805,0.5224337726831436,0.3543416874136102,47.27441751732017,159,105.51109059651692,52.01085017589813,29.96451166697911,62.49548414646472,125.18742385565066,153,117.67169698079427,125.61965001424154,125.71966807047527,123.00367168850369,0.38223187049042506,159,0.4248797876967324,0.34692957196780977,0.4346351706023727,0.4021481767556383,230,159,False,0.06538627239032871,0.06255858275551526,0.906169991124244,0.9043598087061019,0.7643089657738096,0.1359445864246005,0.0639724273944185,0.6327393153593653
100,52.9,0.0002,0.10816127480495544,2.5583391785621643,5.307939488547189,3.9191864138557797,1.7716253081957498,1.1893634154683068,0.6035810728867849,14.004104745955694,0.12392273373577906,230,0.12298692469026001,0.2206506927808126,0.1413837488185852,0.08025408004011426,0.14131886158244303,40.23755237589712,230,9.838953975220802,110.3253463904063,56.553499527434084,40.12704002005713,54.21120997827958,13.883482695569894,230,12.491501134911044,10.60645279264393,13.618504548392542,16.61976672713745,13.334056300771241,0.39526332911589873,230,0.4131558516495664,0.15143571380111906,0.32961381543824014,0.521962145609515,0.35404188162461014,47.249493556952324,159,105.10789744059245,52.01464482571216,29.952174731663295,62.35823899932263,125.4393615224003,153,117.80369652642145,125.7079246520996,126.26436713889792,123.25866277247299,0.3811567877682875,159,0.4241734469930331,0.346331304454423,0.4327004573840116,0.40106840294382257,230,159,False,0.0687516829043272,0.06802909202829358,0.8939702551989328,0.8937738272405806,0.7573893229166667,0.1415327299208868,0.06839038732328585,0.6296380168625286
101,52.4,0.00019800000000000002,0.10830599633710725,2.566294264225733,5.321507058824811,3.912767614637102,1.7874956877458663,1.2036554807708377,0.6060451873711177,14.030863112495059,0.12380345206221809,230,0.12294296327401215,0.21990099052588144,0.14121270599834462,0.08022750541567802,0.14107104130347906,40.19060167799825,230,9.835437061920972,109.95049526294072,56.48508239933785,40.11375270783901,54.09619185800964,13.892036424377455,230,12.494979943778416,10.634644657793503,13.632930687051399,16.621741340992394,13.346074157403928,0.3954925028850203,230,0.4131162831900825,0.15213324543502596,0.33018068255896266,0.5218899319214481,0.3543300357763798,47.13645185314634,159,104.51063283284505,51.89648754038709,29.925541434969222,62.11088726940045,125.72020711462483,153,117.92614407009549,126.07157372368707,126.43360660694263,123.47710813357507,0.38013728679913394,159,0.4238186288211081,0.34543221039657895,0.4313720207927482,0.4002076200034785,230,159,False,0.06685412277999733,0.06039275730782676,0.897512583221708,0.9117255477678208,0.764614722842262,0.13483042716979982,0.06362344024791604,0.6339692008637247
102,52.7,0.000196,0.10697297379374504,2.5599293669064838,5.315955761500767,3.929270605813889,1.7676918262527102,1.1861308676855904,0.600597600142161,13.886768104916527,0.12385202103658863,230,0.12312276771580669,0.2198876291513443,0.14116272203465727,0.08028506780309337,0.14111454667622542,40.193616951289385,230,9.849821417264536,109.94381457567215,56.4650888138629,40.142533901546685,54.100314677086565,13.886737538758897,230,12.488124868716314,10.637710276510868,13.630212648154746,16.61273905036686,13.342196710937197,0.3950840283347213,230,0.41246591949127087,0.15085819529162514,0.3300654840596179,0.521435124533517,0.35370618084400773,47.111217378820264,159,104.49436442057292,51.83923607684196,29.952608789716447,62.095403095710445,125.94786744959214,153,117.7000503540039,126.44013214111328,126.50206247965495,123.54741499159071,0.3790875368944879,159,0.42387663821379346,0.3437055526895726,0.4312804762407073,0.39962088904802445,230,159,False,0.06985593993394147,0.06606797137785525,0.893545654699916,0.8963128484430767,0.7583391462053571,0.1403947012765067,0.06796195565589837,0.6295413583517074
103,52.7,0.000194,0.10607778199371837,2.561839969385238,5.320263531094506,3.9220747822806947,1.7743541555745261,1.1911896416119168,0.6013174953914824,13.794116633278984,0.12383740398546923,230,0.12318705263691888,0.22005815472867754,0.14099252200190057,0.08040181640535593,0.14115988644321323,40.184929747296415,230,9.854964210953511,110.02907736433878,56.397008800760226,40.200908202677965,54.12048964468262,13.883222532830452,230,12.485727137686206,10.633706669208015,13.632146528856001,16.598739679284776,13.337580003758749,0.3946588425208693,230,0.4121289372863904,0.1503162392311626,0.32980559576064983,0.5206394121050835,0.3532225460958216,47.11888799127543,159,104.75364515516493,51.76096283121312,30.064104965754918,62.19290431737766,125.84409641440398,153,117.1195805867513,126.5174912346734,126.1758576852304,123.27097650221837,0.37898017082995966,159,0.42548130287064445,0.34273023451579376,0.432354881993628,0.4001888064600221,230,159,False,0.0699693455050389,0.06753246205016261,0.8884113940454664,0.8950099383081709,0.7554082961309524,0.14447323708307175,0.06875090382638432,0.6244984250693094
104,52.7,0.000192,0.10611544634614672,2.5610261508396692,5.320316105797177,3.9179708480834963,1.7707894875889734,1.192829099723271,0.6032249457069806,13.809006958916074,0.12382707637937172,230,0.12327497657126105,0.2200339221292072,0.1407758152865349,0.0806155766892646,0.14117507266906693,40.1772231242579,230,9.861998125700884,110.01696106460359,56.31032611461396,40.3077883446323,54.124268412387686,13.878793630986104,230,12.480152035174788,10.634925420659528,13.640403833888753,16.57356163317706,13.332260730725032,0.39439980015158654,230,0.4118258142975015,0.14949799991316265,0.3299545740827601,0.5198412367275783,0.35277990625525063,47.09358845116957,159,104.83483462863498,51.640163949195376,30.181993586676462,62.21899738816894,126.04233012479894,153,116.77497694227431,126.7833234998915,126.35190003006547,123.30340015741042,0.37788379136121497,159,0.4247657044066323,0.34174914772998777,0.43100377857419,0.39917287690360337,230,159,False,0.06693060561748487,0.06434811441493886,0.8997480354138783,0.9020244914860952,0.761860584077381,0.13753062429882232,0.06563935993860165,0.6364361245007742
105,52.9,0.00019,0.10549927602211634,2.5599357173556374,5.314767787570045,3.9157020807266236,1.7744616596471696,1.191931158588046,0.6028156487714676,13.746409579685755,0.12381562676442706,230,0.12333868627606982,0.22009157803323534,0.14053784445562262,0.08087796159088612,0.14121151758895348,40.17296397945155,230,9.867094902085586,110.04578901661768,56.215137782249045,40.43898079544306,54.14175062409884,13.878134394918678,230,12.479649718036955,10.632628777050188,13.65407253482433,16.548916135423813,13.328816791333821,0.39417793530484907,230,0.4114507713787992,0.14940537181165484,0.3303137553182054,0.5188174822500774,0.3524968451896842,47.05695459377841,159,104.81698015001085,51.521805174807284,30.279522725514003,62.206102683444044,126.19209399254494,153,117.07396528455946,126.80728522406685,126.68646339133933,123.52257129998854,0.37804518627155126,159,0.42416367597050136,0.34259031958719516,0.430146812361532,0.39896693597307614,230,159,False,0.06378344070122001,0.06214411218783685,0.9039113943065916,0.9058492248966581,0.765185546875,0.13473215784345355,0.06296377634807002,0.6365461687246958
106,52.5,0.000188,0.1052605984821206,2.5537119030952455,5.318480055672782,3.902938025338309,1.763419841584705,1.183122450539044,0.6005990059602828,13.715433756510416,0.1237016363474338,230,0.12333601130776002,0.21979362434811062,0.14020149401844817,0.0810256517891373,0.14108919536586403,40.13006208253943,230,9.866880904620801,109.89681217405531,56.08059760737926,40.51282589456865,54.089279145156006,13.884369572960484,230,12.482109752490153,10.640162062457842,13.673784635986427,16.53710705373689,13.333290876167828,0.39442966447576233,230,0.4116403750130828,0.15070964809921053,0.33096382148722386,0.5183101812643665,0.3529060064659709,46.972118269722415,159,104.61006588406033,51.34898275010129,30.361997025353567,62.107015219838395,126.46112349765752,153,117.2051247490777,127.26891555786133,126.65746985541449,123.71050338745117,0.3769964631529724,159,0.42356157137287986,0.34140440750312295,0.4292565927441631,0.39807419054005533,230,159,False,0.06479415586661724,0.061970004984842876,0.9071084820088886,0.9048287235555195,0.7662725539434524,0.13312613396417528,0.06338208052551463,0.635661963054112
107,52.6,0.000186,0.10483261389391763,2.5617195163454327,5.3200381506057015,3.9315067132314048,1.762524487858727,1.1902565913540977,0.6042713652764048,13.679168088095528,0.12367707660988621,230,0.12341626607616182,0.2198695590098699,0.14006001526053916,0.08104830827297908,0.1410985371548875,40.113159183898695,230,9.873301286092946,109.93477950493495,56.024006104215665,40.52415413648954,54.089060257933276,13.886310460291272,230,12.481715183748422,10.642284429694154,13.680321319094816,16.534265427833827,13.334646590092804,0.39427856456326404,230,0.4112950414419174,0.1508655937181579,0.3310734578903685,0.5179183307502951,0.3527881059501847,46.94165313768687,159,104.70057932535808,51.281487444613845,30.37424669946943,62.11877115648045,126.58138529459636,153,117.04192182752821,127.43817520141602,126.74331269440827,123.74113657445083,0.376979591647081,159,0.42356472048494553,0.3414209409359288,0.42918043106328696,0.3980553641613871,230,159,False,0.06527478920650624,0.06495182029459448,0.9064854702779225,0.9037420840490432,0.7621651785714286,0.1373229253859747,0.06511330483481288,0.6341871329006694
108,52.5,0.00018400000000000003,0.10466692825513227,2.563753850687118,5.315907646360851,3.9281096674147107,1.7781871741726285,1.192611042658488,0.6039535359257744,13.662826324644543,0.12358081139948057,230,0.1234735835501006,0.2202214929792616,0.13973008135848858,0.08107751973771624,0.14112566940639176,40.0710794987238,230,9.877886684008047,110.1107464896308,55.89203254339543,40.538759868858115,54.104856396473096,13.890506768112452,230,12.482625114343127,10.633305098851256,13.692951748101926,16.530588631004637,13.334867648075237,0.3944532833993435,230,0.41100533390548866,0.15032492329676947,0.3317045420408249,0.5180308073759079,0.3527664016547477,46.87036976124506,159,104.9394285413954,51.14033832955867,30.37039521762303,62.150054029525705,126.71444652283114,153,117.09748670789931,127.52643008761936,126.96396721733942,123.86262800428602,0.37672114599519557,159,0.4228680398729112,0.3411059114844241,0.42908739597935763,0.39768711577889765,230,159,False,0.06412787378455202,0.062038417271382755,0.9075251499811808,0.9066336169129326,0.767231677827381,0.13226776123046874,0.0630831457142319,0.632379587775185
109,52.9,0.000182,0.10374624294539293,2.559022573062352,5.324299648829869,3.9127985829398746,1.7645409311567033,1.1906285470440274,0.6028449794366246,13.575799192701067,0.12348787400709546,230,0.1235283701877359,0.22007017499870724,0.13943729200895796,0.08114213775843382,0.14104449373845873,40.02947376927604,230,9.882269615018872,110.03508749935362,55.77491680358319,40.57106887921691,54.065835699293146,13.8940245675288,230,12.48254728618759,10.63523092059934,13.702902024282018,16.528123654364315,13.337200971358316,0.39456848783985426,230,0.41080914710609007,0.15066477408011755,0.3321442348842925,0.5179600305855274,0.3528945466640069,46.79392667086619,159,104.87247551812067,51.01910400390625,30.367612225668772,62.0863972492319,126.75731514326108,153,117.28192732069228,127.43119769626193,127.21340885868779,123.97551129188066,0.3762519487923702,159,0.423738660911719,0.34158926480945123,0.42680394674451755,0.39737729082189593,230,159,False,0.06076014509557613,0.05877139504466738,0.9161316321009682,0.9161799129985627,0.7721330915178571,0.12824935004824684,0.05976577003353408,0.6421522894075938
110,52.8,0.00018,0.10365182218097505,2.559454571633112,5.324739238194057,3.9195885646910895,1.7607163417906988,1.1918201134318398,0.6004083437579019,13.554490529923212,0.12344368966701239,230,0.12361415995048805,0.2201662411292394,0.13925764360960494,0.08113801066896745,0.14104401383957496,40.00360092196775,230,9.889132796039044,110.0831205646197,55.70305744384198,40.56900533448373,54.061079034746115,13.898585562224625,230,12.480425070454245,10.630854616351092,13.715543686543425,16.52903037905661,13.338963438101343,0.39444945593890934,230,0.410491567892088,0.15032624784443113,0.33222984585990295,0.5177844965032169,0.35270803952490976,46.75041654574796,159,105.05216810438368,50.94211635183781,30.344424656459264,62.11290303756025,126.84466213650174,153,117.0485127766927,127.49689559936523,127.39029792503074,123.97856876702956,0.37619307795363777,159,0.4244680048690902,0.3419845871468808,0.42585600283928216,0.3974361982850844,230,159,False,0.06519955746563418,0.06415722512063526,0.9013009457361131,0.9034160264900752,0.7638462611607143,0.13459022612798782,0.06467839126430806,0.6298537492042496
111,52.5,0.00017800000000000002,0.1029702406553995,2.5588166617211843,5.31857754389445,3.916036970274789,1.7630687103385017,1.1950545594805764,0.6013452270201274,13.493510232652937,0.12337991316681322,230,0.12370548077242476,0.22076111866368187,0.13898655193600248,0.08111973113513418,0.1411432206268108,39.970952127614744,230,9.89643846179398,110.38055933184094,55.594620774400994,40.559865567567094,54.10787103390075,13.902484795538339,230,12.47458000595341,10.613886419318423,13.730522343187097,16.530040080672734,13.337257212282916,0.394375295807486,230,0.41020594285407536,0.14982963601748148,0.33241579190213627,0.5176097308950764,0.3525152754171924,46.71094542929212,159,105.63774787055121,50.82443330643025,30.33578324317932,62.265988140053594,126.7759959401648,153,116.29287211100261,127.50799196031359,127.30318987811053,123.70135131647557,0.3759572634051712,159,0.42617323829068077,0.34153718453772525,0.42566339982607004,0.3977912742181587,230,159,False,0.06210681255019847,0.05861093866461445,0.9080873199871609,0.9140013402416592,0.7716936383928571,0.12760553359985352,0.06035887562181978,0.6376694720415842
112,52.7,0.00017600000000000002,0.10242101312393234,2.5576509997958228,5.3156232788449245,3.923354573476882,1.7650513035910471,1.1824182623908632,0.601807362479823,13.437512942722865,0.12346005640600038,230,0.1238559748400265,0.2207865963379542,0.13905870415111807,0.08113287861592003,0.1412085384862547,39.9885630345215,230,9.90847798720212,110.3932981689771,55.62348166044722,40.56643930796002,54.12292428114662,13.89847560918693,230,12.469154715676314,10.61186432200279,13.725918733235215,16.52850474067572,13.33386062789751,0.3940355676023857,230,0.40966595772286535,0.14918980830245548,0.3322516552945401,0.5172773871038642,0.3520962021059313,46.734432688299215,159,105.65530480278863,50.86252249048111,30.33571321623666,62.2845135031688,126.88369337094376,153,116.34424082438152,127.52812338935004,127.56621876469364,123.8128609928084,0.37576791778230256,159,0.4262369035018815,0.3418381523657986,0.42461036559793036,0.39756180715520345,230,159,False,0.06361902242171623,0.061366847257262894,0.9050119243917011,0.9089940665733247,0.7679036458333334,0.13187438419887,0.06249293475633576,0.6377606281212398
113,52.9,0.000174,0.10228027580749421,2.56183176835378,5.315860294160389,3.9263007152648197,1.769116503284091,1.195481988929567,0.6023990404038202,13.421676880972726,0.12347710861460022,230,0.12396274507045746,0.22134218447738224,0.13896222555256904,0.08114020034138646,0.1413518388604488,39.98718918471233,230,9.917019605636597,110.67109223869112,55.58489022102762,40.57010017069323,54.18577555901214,13.895071037312292,230,12.462685733293021,10.596105894838994,13.725286331783614,16.5263175585145,13.327598879607532,0.39367867105680965,230,0.4091105410750483,0.14821265306737688,0.33196365579645687,0.5171562215047223,0.35161076786090106,46.74991713229965,159,105.9917721218533,50.85319843698055,30.341253961835587,62.39540817355648,126.7215952156416,153,116.2101321750217,127.1787005106608,127.71166356404622,123.70016541657624,0.37679934848990265,159,0.4261140061749352,0.3433815305061797,0.42496797297748606,0.39815450321953366,230,159,False,0.06429253553395115,0.06172573377954818,0.9084510766324543,0.9107434051377433,0.7658040364583333,0.13328006381080265,0.06300913463568404,0.631817509730657
114,52.7,0.000172,0.10235698004918439,2.556320681458428,5.313904031117757,3.9109077362787157,1.7587259596302396,1.1968967128367651,0.6011686904089791,13.424777703058153,0.12335190078162629,230,0.12399963347215048,0.2207520537906223,0.1387415571891247,0.08104443470282215,0.1411344197886799,39.92882122682489,230,9.919970677772039,110.37602689531114,55.49662287564988,40.52221735141107,54.07870945003603,13.901695130626562,230,12.459332584881443,10.612861405869069,13.738904762416926,16.532222610669894,13.335830340959333,0.3936781802579113,230,0.4088378292574009,0.1484098889761501,0.33205009901777227,0.517323165599789,0.35165524571277806,46.670524429225324,159,105.64573160807292,50.77532954926186,30.30215753827776,62.24107289853752,126.56846763261782,153,116.14160495334201,127.0154182434082,127.56136039451316,123.57279453042112,0.3779823679605839,159,0.42723455280065536,0.3448949154228606,0.42560649072817924,0.39924531965056503,230,159,False,0.06587126951309896,0.06257119180102433,0.9025899665696281,0.9104967128662836,0.766645740327381,0.1337420804159982,0.0642212305129284,0.632758932028498
115,52.7,0.00017,0.10208024703675793,2.5502892261459715,5.314935457138788,3.9066176164717903,1.746079238823482,1.1860884992849259,0.5977251590717406,13.393812756311325,0.12341103464688943,230,0.12405105695967943,0.22067669530709585,0.13884992096969423,0.08105232313807521,0.14115749909363617,39.947292211910955,230,9.924084556774355,110.33834765354793,55.539968387877686,40.526161569037605,54.082140541809395,13.898847069637883,230,12.45725692783808,10.613079577948708,13.736141904379787,16.527759445124484,13.333559463822764,0.39345063395474267,230,0.40850014984607697,0.14799764504035315,0.33183347766703747,0.5172465975795474,0.35139446753325376,46.674359783436515,159,105.46836937798395,50.81545647154463,30.27419594355992,62.186007264362836,126.7964907378153,153,116.52267201741536,127.24471045600043,127.76176099424009,123.84304782255197,0.3773649047661877,159,0.4271645239657826,0.34519162881089016,0.423366536319788,0.3985742296988202,230,159,False,0.06393689171721538,0.05913275991167341,0.9065859987622216,0.9144636442263921,0.7687081473214286,0.13103259858630953,0.0615348257124424,0.6354988301084155
116,52.2,0.000168,0.10198870553147225,2.5591025920141313,5.319608674730573,3.9174445629119874,1.7661606050672984,1.1926373961425962,0.5996615699359349,13.389724863143194,0.12333912786258304,230,0.12406384535658528,0.22083882987499237,0.13867528086647074,0.0810078663884529,0.1411464556216253,39.91681824138631,230,9.925107628526822,110.41941493749619,55.470112346588294,40.503933194226455,54.079642026709436,13.901795347408989,230,12.458242065789156,10.610316467971444,13.742204889698668,16.52888634624321,13.334912442425619,0.39321859109660856,230,0.40838966403208987,0.14695425000455645,0.33155457073069633,0.5170694983431271,0.3509919957776174,46.62785931953094,159,105.50828891330295,50.74300652361931,30.25736461366926,62.16955335019717,126.77166089824601,153,116.50156148274739,127.28395284016928,127.62952423095703,123.80501285129124,0.3771981647730155,159,0.4280626293685701,0.34468309771507344,0.4236023812388469,0.3987827027741635,230,159,False,0.06312738561426245,0.05981821302945415,0.8986038530156726,0.9098307075954619,0.7691034226190476,0.12982833271934874,0.06147279949149206,0.631751736998558
117,52.8,0.000166,0.10132940587188516,2.5553644475482757,5.32224969409761,3.901436251685733,1.7609226067860921,1.1920361921900795,0.6001772021963483,13.317887660435268,0.12329990816828998,230,0.12409292082761375,0.22120603422323862,0.13847310484406797,0.08109027386776038,0.14121558344067017,39.90170154234637,230,9.9274336662091,110.60301711161931,55.38924193762718,40.545136933880194,54.11620741233395,13.903536731386342,230,12.45750889574942,10.5993455325472,13.751540697328595,16.52306037997924,13.332863876401113,0.393015471327564,230,0.40834933624301156,0.1465850050250689,0.3315673365871957,0.5163243008511407,0.3507064946766042,46.60373068755528,159,105.71407996283637,50.661802413615774,30.292089870997838,62.222657415816656,126.72155442580679,153,116.31272803412543,127.16444261338975,127.71821184511538,123.73179416421017,0.37671756457373407,159,0.4288267782992787,0.3441638117457958,0.4229866689004536,0.39865908631517605,230,159,False,0.06480380506032989,0.061445234498629965,0.8975066324075063,0.907588645319144,0.7654854910714286,0.1338489782242548,0.06312451971073946,0.6295826320137297
118,52.7,0.00016400000000000003,0.10120007817943891,2.5576229731241864,5.32035893031529,3.900836255436852,1.7657137007940382,1.1991346281199229,0.6020711085626057,13.316520123254685,0.12334874486145767,230,0.1241650947067939,0.22089611987272897,0.1385232726151639,0.08116494445130229,0.14118735791149728,39.91471205360216,230,9.933207576543513,110.44805993636449,55.40930904606555,40.582472225651145,54.093262196156175,13.902005206879666,230,12.454233171665955,10.609360819739745,13.753063036197567,16.516758385960916,13.333353853391046,0.3929691513919312,230,0.40834704377281833,0.14653208437893125,0.33160798410151865,0.5160772401307311,0.3506410880959998,46.607028157456114,159,105.55337015787761,50.66542755289281,30.32119563647679,62.17999778241574,126.70999763837827,153,115.87822129991319,127.26679382324218,127.58730005334925,123.57743839216822,0.376235070831652,159,0.4306716447075208,0.34330055093828665,0.422769279851179,0.39891382516566215,230,159,False,0.06245017386307674,0.061992621333116574,0.9053750178643636,0.9029226345675332,0.768954613095238,0.13160240763709657,0.062221397721164286,0.6388893045130231
119,52.8,0.000162,0.10042542325598854,2.5551381145204815,5.326463390531994,3.9070716994149346,1.7547755230040778,1.1874946355819702,0.5998850327162516,13.235349755060104,0.12340306688262069,230,0.12423029730857259,0.2200773557027181,0.13862028274130314,0.08127413384084191,0.14105051739835894,39.92945464344128,230,9.938423784685806,110.03867785135905,55.448113096521254,40.637066920420956,54.01557041324677,13.8978701505458,230,12.450118793134429,10.635888948531688,13.751478044777777,16.503388635126665,13.33521860539264,0.39261929846328236,230,0.40793345868587494,0.14699034061696795,0.3313116390020289,0.5155884990734714,0.3504559843445858,46.60297033921728,159,104.99079132080078,50.681605643414436,30.37293270656041,62.01510989025854,126.87914126527076,153,116.02640448676215,127.48150685628255,127.6839880766692,123.73063313990463,0.37548503230484026,159,0.43017857107851243,0.3427328059964992,0.4216719505909298,0.39819444255531383,230,159,False,0.06401866167517645,0.06001701037665563,0.9013479024171829,0.9078042501494998,0.7648425874255952,0.1345534778776623,0.062017836031459626,0.6376692135419164
120,52.7,0.00016,0.1000915368043241,2.561832122008006,5.326869383312407,3.9098276944387527,1.7709662803581783,1.19762307263556,0.6038740121892521,13.206035132635208,0.1235359880587329,230,0.12429489840714025,0.22013541559378305,0.13885840535797972,0.08132911826084767,0.14115445940493768,39.97780759081893,230,9.94359187257122,110.06770779689153,55.543362143191885,40.66455913042383,54.054805235769614,13.888465764039426,230,12.444948666725347,10.63315215245647,13.738763170235384,16.49310112530954,13.327491278681684,0.39217278011467144,230,0.40757958402096384,0.14662887983851963,0.33072399300463656,0.5152477446411338,0.35004505037631345,46.671495569577004,159,104.93385060628255,50.766944885253906,30.433398587363108,62.04473135963318,126.8839251948338,153,116.47314114040799,127.59126731024848,127.44015234488027,123.83485359851225,0.37543601342389044,159,0.42897235519356197,0.3424542189595547,0.42219425634747104,0.39787361016686257,230,159,False,0.061703721566924025,0.05975683718653662,0.9094266055595307,0.9104689351149968,0.7713274274553571,0.12823181322642735,0.06073027957408201,0.6350492366722652
121,52.5,0.00015800000000000002,0.10007743122322219,2.557957862672352,5.322311442238944,3.905078387260437,1.763623778876804,1.1963112115859986,0.6024642053104582,13.192269647689093,0.12359069362282753,230,0.1244028449373346,0.21920871237913767,0.13897030245750508,0.0813780482193189,0.14098997699832405,39.98659168475348,230,9.952227594986768,109.60435618956883,55.588120983002035,40.68902410965945,53.95843221930427,13.884547098669247,230,12.439012637529526,10.659587812894241,13.734704442309303,16.48709692028942,13.330100453255623,0.39171222623275676,230,0.40698134857164303,0.14713099102179208,0.33029225595453954,0.5147586661790099,0.3497908154317461,46.67241012525258,159,104.39542304144965,50.81128367971867,30.448102440152848,61.884936387107054,127.04625382766226,153,116.34988572862413,127.8081771850586,127.55910958184137,123.9057241651747,0.375656602441468,159,0.4296499639749527,0.3429171356590504,0.42193463143693016,0.39816724369031115,230,159,False,0.061464613715984995,0.06002398242819167,0.9120522709829467,0.9116699932586579,0.7690046037946429,0.13030364712079365,0.06074429814748111,0.6265685981937817
122,52.7,0.00015600000000000002,0.10020241930726029,2.5536602928524927,5.32764101482573,3.8887089388711114,1.7552161091849918,1.1937234376158032,0.6030116983112834,13.219429125104632,0.12358602400383224,230,0.12440981978261975,0.21853249768416086,0.13896259530744653,0.08147164068317839,0.1408441383643514,39.98366755927386,230,9.952785582609579,109.26624884208043,55.58503812297862,40.735820341589196,53.88497322231446,13.883378866023337,230,12.43949124258124,10.679666062867135,13.735001319501539,16.47796682791341,13.33303136321583,0.39167127988260725,230,0.4070079496628802,0.1475093455778228,0.33028145102744405,0.5145140971456256,0.3498282108534432,46.63272257870848,159,103.80387624104817,50.78611678265511,30.472732612064906,61.68757521192273,127.35012273850784,153,116.84654829237196,128.17387059529622,127.72780538488317,124.24940809085045,0.3750891386525436,159,0.4278796199295256,0.34201728806216664,0.42211841765258995,0.3973384418814274,230,159,False,0.05927880925481163,0.0538753413839177,0.9128419487249284,0.9254325577190944,0.7758637927827381,0.12314293271019346,0.05657707535262619,0.6455268490882147
123,52.8,0.000154,0.09992277668345542,2.5537903598376683,5.328750310625349,3.8856618393035163,1.7613274614016214,1.192082704532714,0.6011292190778823,13.183881269182478,0.12354661465986916,230,0.12446206472289394,0.21831703020466697,0.13877898311995446,0.08158637663083416,0.14078611366958738,39.96469336748123,230,9.956965177831515,109.1585151023335,55.51159324798178,40.79318831541708,53.85506546089097,13.884130834976446,230,12.436832414680536,10.686328118527138,13.744869910242302,16.466790463798997,13.333705226812244,0.3915010135134925,230,0.40681578596712836,0.14731036706103218,0.33026083527093236,0.5141250086682183,0.3496279992418278,46.58675106216527,159,103.5815183851454,50.692481994628906,30.535115105765207,61.60303849517984,127.51715157702078,153,117.07664998372395,128.40884306165907,127.77108270150644,124.41885858229648,0.3740686548920641,159,0.4281949872771899,0.34103232083168433,0.4208236265029492,0.39668364487060775,230,159,False,0.06548806664844355,0.0622763003777003,0.9015072937522616,0.9086289871306646,0.7641868954613096,0.13560309864225842,0.0638821836649662,0.637813242702257
124,52.2,0.000152,0.09866817355865524,2.557545181683132,5.330899243127732,3.9020556767781573,1.754649214233671,1.2000693871861412,0.6000521201462973,13.06303798584711,0.12359854752278847,230,0.12456773840625521,0.21827153695954216,0.13874553096421222,0.08172915643081069,0.14082849069020506,39.97832615122847,230,9.965419072500417,109.13576847977109,55.49821238568489,40.864578215405345,53.86599453834043,13.879545658578154,230,12.432311958068098,10.69076539631261,13.745831567874664,16.451362437555517,13.330067839952722,0.3911775523877662,230,0.4064147405221429,0.1472298660212093,0.32999497461826244,0.513764179710831,0.3493509402181114,46.614192494806254,159,103.56629859076605,50.692364794142705,30.615671941212245,61.62477844204034,127.21398581710517,153,117.07678816053603,127.90179926554362,127.75716301246926,124.24525014618297,0.3742337325154423,159,0.42848900705575943,0.34164986117406093,0.4202084902873529,0.3967824528390578,230,159,False,0.060852384367691616,0.05941810887750416,0.9081527983858472,0.9102725057374863,0.7675478980654762,0.13232024964832123,0.060135246582684064,0.638675447730791
125,52.6,0.00015000000000000001,0.09812269918620586,2.5575159436180477,5.326426851181757,3.8968949806122555,1.7623096273058936,1.1963186678432283,0.6056293876398178,13.013883518037343,0.12367087097271628,230,0.1246680616283081,0.2184997018840578,0.13876145444017776,0.08183560560324363,0.14094120588894682,40.00082996681981,230,9.973444930264648,109.2498509420289,55.5045817760711,40.91780280162181,53.911420112496614,13.874706328774103,230,12.425433612847609,10.684708936364082,13.746695115813957,16.43973121057276,13.324142218899603,0.3911313620922358,230,0.40610360532579287,0.14769705219401252,0.3301780441022934,0.5135865658521652,0.349391316868566,46.642507541104685,159,103.84047275119357,50.68802249177973,30.65929160799299,61.72926228365543,127.2415880689434,153,116.71301608615451,127.84684727986654,127.98758471453631,124.18248269351913,0.37440733413604443,159,0.42950979620218277,0.34175805676173654,0.4203557254680033,0.3972078594773076,230,159,False,0.059213223694158455,0.056626780022911376,0.9085178749901908,0.9185608662310101,0.7742687406994048,0.1253293582371303,0.05792000185964363,0.6440975722812471
126,52.4,0.000148,0.09830668763745398,2.559112094697498,5.3300241833641415,3.8991542327971684,1.7640445890880767,1.1978160040719168,0.6045212589559101,13.026465211595808,0.12373461366995521,230,0.12476341463100742,0.2188939998547236,0.13871800764761072,0.0819860712092902,0.141090373335658,40.02211424287247,230,9.981073170480594,109.4469999273618,55.48720305904429,40.9930356046451,53.97707794038295,13.873039104507463,230,12.423549664399394,10.679974355993966,13.752839838776561,16.425718818132456,13.320520669325594,0.3912342763465384,230,0.4058875454143739,0.1476588249206543,0.3307280867023671,0.5133660403745515,0.3494101243529867,46.67117891371625,159,104.2666278415256,50.649401279205975,30.737037079674856,61.88435540013548,127.35530918096406,153,116.0962422688802,128.07029698689777,128.04017398975515,124.06890441517771,0.37443850468551304,159,0.42996856156322694,0.3423232509893306,0.41942177853447254,0.39723786369567665,230,159,False,0.06506310351680787,0.0602514694178743,0.9001455213342394,0.9098677439349038,0.7665469215029762,0.13236482711065384,0.06265728637753498,0.6366842552309945
127,52.7,0.000146,0.09814035807337079,2.5566831356003172,5.328825069609143,3.8882693381536573,1.7622900406519573,1.1991257758367628,0.6049052063907896,13.000063328515916,0.1236903643478518,230,0.12482827371904548,0.21840445697307587,0.13858812754141522,0.0820187904339816,0.14095991216687953,39.99688860352921,230,9.986261897523638,109.20222848653793,55.43525101656609,41.0093952169908,53.90828415440461,13.875819575589535,230,12.421043405699885,10.697019594101105,13.761011223659834,16.423860521606553,13.325733686266844,0.3912470413938813,230,0.4055720477456778,0.14832090669208103,0.33117898981621924,0.5129551951374326,0.3495067848478527,46.61536450655955,159,103.97964731852214,50.576612716025494,30.746866703033447,61.76770891252702,127.44915611915339,153,116.1118426852756,128.154111650255,128.16378247296367,124.14324560283143,0.374598353773168,159,0.4301387675934368,0.3422915330751145,0.4199015220095004,0.3974439408926839,230,159,False,0.05965414128177578,0.05884023362859374,0.910430572997956,0.9113644350142706,0.7738106863839286,0.1257607536656516,0.059247187201288486,0.62934435293788
128,52.8,0.000144,0.09787599270542463,2.55380247206915,5.33037642524356,3.885716970761617,1.7495793825104122,1.1995463551509948,0.6037930278551011,12.973886680603027,0.12366423785038616,230,0.12488597505529161,0.2177469101217058,0.13855199468262652,0.08200465688215834,0.14079738418544557,39.97782098534314,230,9.99087800442333,108.8734550608529,55.42079787305061,41.00232844107917,53.821864844851504,13.8764747679724,230,12.418583290835556,10.718137427762677,13.759344034958957,16.429075122291458,13.331284968962162,0.3908866079281206,230,0.4053013095973243,0.1486763051814503,0.3307576940414753,0.5124681581343923,0.34930086673866056,46.57934317198939,159,103.5400127834744,50.55418509625374,30.75289375441415,61.61569721138076,127.24433983696832,153,115.85991753472223,127.86129904852973,128.11347820140696,123.94489826155298,0.3749037225959155,159,0.4310376817981402,0.34213064706071894,0.42089414165820926,0.39802082350568946,230,159,False,0.06342257619613693,0.06145899230392561,0.9040099390915461,0.9053445940925962,0.765815662202381,0.1332877204531715,0.062440784302140985,0.6324849384171622
129,52.5,0.000142,0.09747467174061707,2.5563171199389867,5.332860011146182,3.8939373425074986,1.7525283555189768,1.1982221015862056,0.6040375312878972,12.937732959928967,0.12367106515752233,230,0.12497731759934358,0.2181445128387875,0.13846788404786842,0.08199417358264327,0.1408959720171607,39.97282944457687,230,9.998185407947487,109.07225641939375,55.38715361914736,40.997086791321635,53.86367055945256,13.874055678363208,230,12.414483830628491,10.703748262896864,13.757680357435298,16.429442251498667,13.32633867561483,0.3904844581756903,230,0.4050393694303405,0.14790697147448859,0.3303324936869297,0.5119859464466572,0.348816195259604,46.58821140745151,159,103.78224521213107,50.52967083707769,30.780291931969778,61.69740266039285,127.10420925165313,153,115.72261386447482,127.69638968573676,128.01417442604347,123.81105932541834,0.3754659603062853,159,0.43052851574288475,0.34251031271637755,0.421935029494177,0.3983246193178131,230,159,False,0.061693563848911295,0.05882979716573443,0.9066481672582172,0.9132222433884939,0.769917224702381,0.12990575517926897,0.06026168056275873,0.6339486672764733
130,52.7,0.00014,0.09699940117342132,2.557923706372579,5.331510657355899,3.8920655068897068,1.75621565920966,1.2051502481812522,0.6046762052036467,12.894947052001953,0.12372854880016783,230,0.12500656228250182,0.21836424536175197,0.138490553628257,0.08211982236909014,0.14099529591040022,39.99685313325861,230,10.000524982600146,109.18212268087599,55.39622145130279,41.05991118454507,53.909695074831,13.868981383765036,230,12.413130218108591,10.69573600122551,13.752844121691876,16.419723238038966,13.320358394766236,0.3900094487744829,230,0.40475231849811444,0.14750355978806814,0.33009119823257976,0.5108688202287469,0.3483039741868773,46.634925986236,159,103.96654425726996,50.53914179700486,30.867410796029226,61.79103228343468,127.05512427037058,153,115.30981784396701,127.66410598754882,127.99770581280744,123.65720988144109,0.375243693900605,159,0.4310465604066849,0.3421388082998864,0.42184429118476274,0.398343219963778,230,159,False,0.06259551599089588,0.05800004799938983,0.9012863931201753,0.9145602041766757,0.7676967075892858,0.13170648302350726,0.06029778192529366,0.6370831854286648
131,52.3,0.000138,0.0966430558690003,2.552221055257888,5.3250311034066335,3.8886972132183257,1.7521242663973853,1.1940755675236383,0.6011768752620333,12.855995496114096,0.1237770808779675,230,0.12510596703685506,0.2183005842897627,0.1384830804581338,0.08221589501148888,0.14102638169906012,40.00853655487299,230,10.008477362948405,109.15029214488135,55.39323218325351,41.10794750574444,53.91498729920693,13.864747580309087,230,12.409192716941604,10.696153057890111,13.750023627465024,16.411993965455586,13.316840841938081,0.3898350656680439,230,0.40446830782252297,0.1470503161350886,0.33029419453220166,0.5102447878037181,0.3480144015733828,46.65534512501843,159,103.91581556532118,50.54320940058282,30.926711627415248,61.79524553110642,126.94393881006178,153,115.22220357259114,127.461159769694,128.03552641691985,123.57296325306834,0.3751223020653867,159,0.43180813557571834,0.3421844624854783,0.4213005952603583,0.3984310644405183,230,159,False,0.05867109745740891,0.056927471004781266,0.9124041196845827,0.9116018713939757,0.7754906063988095,0.12557730901808967,0.05779928445727343,0.6394688162065688
132,52.5,0.000136,0.09654718481359027,2.552277387891497,5.333676447187151,3.87676039877392,1.7483558813730875,1.1970345664592017,0.6055594190245583,12.846850386120025,0.12377988545467024,230,0.12517388359131948,0.2181021769841512,0.13840076469994606,0.08231136508818183,0.14099704759089965,40.00449752354103,230,10.013910687305557,109.0510884920756,55.360305879978426,41.155682544090915,53.895246900862624,13.864090446980146,230,12.406905126650209,10.704538028706626,13.753307404933093,16.405335723057117,13.31752157083676,0.3897395746863407,230,0.4043442019274537,0.14677404198381636,0.33047519640085543,0.509750517883471,0.3478359895488991,46.64332692128308,159,103.80098893907335,50.50049562657133,30.982740913118636,61.761408492921106,126.91424096799365,153,114.929443359375,127.49319525824653,127.94678341900861,123.45647401221004,0.37435908585130795,159,0.43164006537861294,0.34099378535880687,0.421159254253975,0.3979310349971316,230,159,False,0.05931065132885817,0.055943904584273695,0.911123035635267,0.9181071624869392,0.7740001860119048,0.12471220493316651,0.05762727796321823,0.6398544683342888
133,52.6,0.000134,0.09610651288004149,2.558685693286714,5.33190031959897,3.907902019364493,1.7522987033639634,1.197522188935961,0.6038049229553768,12.80425291515532,0.12395180732659672,230,0.12523958296842977,0.2175539880990982,0.13872913715053112,0.08247108052351645,0.1409984471853939,40.06851995315241,230,10.019166637474383,108.7769940495491,55.49165486021245,41.235540261758224,53.88083895224854,13.853605595352601,230,12.403932452605448,10.722962704336453,13.736978969113292,16.39048920286489,13.313590832230021,0.38932865284707235,230,0.4042338025821766,0.1467610142297215,0.3299940716713033,0.5090124697557518,0.3475003395597383,46.7265975760214,159,103.53025648328993,50.62501469064266,31.053666523524694,61.7363125658191,127.13330472061058,153,114.79433186848958,127.76962246365018,128.1292706242314,123.5644083187904,0.3738441069159399,159,0.4322027729617225,0.34070405336295034,0.4200929826225287,0.39766660298240053,230,159,False,0.062328735033848455,0.06003103746500398,0.9043168187141418,0.9081904942081088,0.7672502790178571,0.1316928886231922,0.061179886235012894,0.6349159057651247
134,52.9,0.00013199999999999998,0.09597725552462397,2.555385514668056,5.333303733099075,3.8891165018081666,1.7524008069719588,1.1965706765651702,0.6055355916420618,12.798970177060081,0.12397875549352687,230,0.12531518936157227,0.21657230953375498,0.13880623488667163,0.08251425810158253,0.14080199797089535,40.069040552429534,230,10.025215148925781,108.28615476687749,55.522493954668654,41.257129050791264,53.7727482303158,13.853289489193097,230,12.40132356251926,10.758281096912599,13.737267185475899,16.386338647653513,13.320802623140317,0.38909376474178353,230,0.40398841403739555,0.1475771458612548,0.3297410575633353,0.5086524066116128,0.3474897560183996,46.716704914404914,159,102.93734147813585,50.655705756329475,31.069351196289062,61.55413281025147,127.09159826141557,153,114.77374182807074,127.72886013454861,128.0824712117513,123.52835772479023,0.37395310302341134,159,0.43291409727599883,0.34082411594213324,0.42008660011924803,0.39794160444579335,230,159,False,0.06221742033958435,0.05759289469348178,0.9070926109949747,0.9141428750185739,0.7713576543898809,0.1291736739022391,0.05990515710741636,0.6458590747345061
135,52.8,0.00013000000000000002,0.09603531346434639,2.555396458080837,5.3380059787205285,3.8914057220731464,1.7472866640204474,1.1950003970237004,0.6052832694280715,12.793882152012417,0.12407031237431194,230,0.1253600117396301,0.21680345800187853,0.13892059456160727,0.08260435717446464,0.14092210536939515,40.104333843873896,230,10.028800939170408,108.40172900093927,55.568237824642914,41.30217858723232,53.82523658799623,13.849107207871969,230,12.398413252403426,10.74991833860511,13.735069582508476,16.377884126547624,13.315321325016159,0.38869207530565886,230,0.4038609887512637,0.14716889212528864,0.32931049390042083,0.5079525118427617,0.3470732216549337,46.77395818218495,159,103.06665802001953,50.72288379263371,31.098363433565414,61.62930174873955,127.01318369348064,153,115.05809868706598,127.52356804741754,128.15505727132162,123.57890800193506,0.3744980615487545,159,0.433082424932056,0.3415392760900741,0.4204063930249374,0.39834269801568917,230,159,False,0.06165924598684623,0.060814460899148666,0.9119371888183412,0.9072599402495793,0.7666771298363095,0.13260680096490043,0.06123685333877802,0.6349543196814401
136,52.4,0.00012800000000000002,0.09568716904946736,2.554741557439168,5.332041726793562,3.8801564784277054,1.7509358034247444,1.203996300413495,0.6065772330477124,12.762879035586403,0.12413450578308624,230,0.1254151379558402,0.21650079720550114,0.13900678359130594,0.08270208397880197,0.1409062006828623,40.125760806319505,230,10.033211036467216,108.25039860275056,55.602713436522386,41.35104198940098,53.80934126628529,13.846483362792076,230,12.396255579519279,10.76293953144667,13.734365805625739,16.368931889008376,13.315623201400015,0.3883384679970534,230,0.4037129142334763,0.14718171291881138,0.32903842485331475,0.5071425602904388,0.3467689030740103,46.79341898024457,159,102.9308369954427,50.75593623709172,31.11996568952288,61.60224630735243,127.1085789001066,153,114.83123185899522,127.54712422688802,128.42389452898945,123.60075020495758,0.374326351438444,159,0.43344992647568387,0.3416027283256358,0.41975328710395843,0.39826864730175937,230,159,False,0.060673886140631066,0.0580892846143494,0.9057017371768044,0.9126018720013754,0.7717750186011905,0.12834557521910894,0.05938158521340007,0.6394205707879294
137,52.5,0.000126,0.0952271234421503,2.553691958245777,5.3329396883646645,3.8823514041446505,1.7492594812597548,1.1958146248544965,0.6080944546631404,12.719292204720633,0.12416722991544267,230,0.12545662861264928,0.21636209223005506,0.13904546074410704,0.08274125194709216,0.1409013583834759,40.135162800226524,230,10.036530289011942,108.18104611502753,55.618184297642806,41.370625973546076,53.801596668807086,13.844476309417379,230,12.394740565922095,10.765984185072288,13.732777099096849,16.364786892942394,13.314572185758406,0.3882015091245589,230,0.40369190149743794,0.14737307942575878,0.3290119339176949,0.5066204033792019,0.34667432955502336,46.7987057188022,159,102.93431176079645,50.75780531700621,31.131280422210693,61.60779916667112,127.42970041511884,153,114.50264400906033,128.09239790174695,128.47971400508175,123.69158530529633,0.3742496472133218,159,0.43395105252663296,0.3415160988398055,0.4196003775577992,0.39835584297474586,230,159,False,0.05861568970916172,0.05491250282973938,0.9148770022959937,0.9170654958202725,0.7764520554315476,0.1229905366897583,0.056764096234525954,0.6428878392492022
138,52.7,0.000124,0.09520218273003896,2.5512456224078224,5.336579145703997,3.8626339935121083,1.747585417259307,1.2051629409903573,0.6042664394492194,12.714568228948684,0.12420831580200921,230,0.12552722438540256,0.21681784755653805,0.13902049598858712,0.0827891509314733,0.14103867971550027,40.14757314680711,230,10.042177950832206,108.40892377826903,55.60819839543485,41.394575465736644,53.86346889756818,13.843841760826525,230,12.391570573846698,10.753309999523054,13.739137135938797,16.357560954875556,13.310394666046026,0.3880512336673944,230,0.40363588593375516,0.14672573573059505,0.32894450267578695,0.5062914458768708,0.346399392554252,46.81723594665527,159,103.28815121120877,50.74814057857432,31.1432489327022,61.726513574161764,127.45766528759127,153,114.12694549560547,128.21141510009767,128.42320223207827,123.58718760926047,0.3745619894749245,159,0.4337412185139126,0.34229216918824834,0.4192182402891506,0.3984172093304372,230,159,False,0.061106679890127406,0.06000223550723777,0.9082209192571186,0.907888247569402,0.7676409040178571,0.13089917046683175,0.06055445773083539,0.6431043160103617
139,52.5,0.000122,0.0948488578377735,2.55438905443464,5.340054039728074,3.877511463846479,1.7425810342743284,1.2042266195728666,0.6075718610059647,12.67640097481864,0.12432817118647306,230,0.125646449677961,0.21720027923583984,0.13912398098631107,0.08289508428424597,0.14121644854608947,40.18781363380992,230,10.051715974236878,108.60013961791992,55.64959239452443,41.447542142122984,53.937247532201056,13.838077523874775,230,12.385631401571883,10.745103700635651,13.737110232979983,16.34613760310277,13.303495734572572,0.3878440774977207,230,0.4033740362231161,0.14600887646277746,0.3289049781383352,0.5059541682047504,0.34606051475724475,46.867108866853535,159,103.5291256374783,50.77860414220932,31.194989102227346,61.83423962730499,127.60202310599533,153,114.05494859483507,128.45049319797093,128.44575203789606,123.65039794356734,0.3738665023537458,159,0.43343907429112327,0.3419363679800262,0.41788935027683954,0.3977549308493297,230,159,False,0.061135452950284594,0.058740596847963476,0.9043664202803657,0.90928375068165,0.7693708147321429,0.1308800561087472,0.059938024929059405,0.6371261017663138
140,52.8,0.00012,0.09454194481174151,2.559148412659055,5.338495944795154,3.8847684349332536,1.760529029653186,1.203684217021579,0.6082641069378172,12.649937180110387,0.12434961667851262,230,0.12575050039400518,0.21814497146341535,0.13904117380684994,0.08283841476908751,0.1414437651083395,40.188430271718815,230,10.060040031520414,109.07248573170767,55.616469522739976,41.41920738454376,54.042050667627954,13.837904394398485,230,12.381935728140075,10.715468439350953,13.741134125435362,16.348120540511136,13.296664708359382,0.3877525606881017,230,0.4030937672081128,0.14511602454715306,0.3288526514426191,0.5061649648206574,0.34580685200463557,46.88638693131741,159,104.19050767686632,50.75589934815752,31.181543111801147,62.042650045608326,127.43334252849903,153,113.78193071153429,128.29058863321941,128.2798343234592,123.45078455607097,0.37421985060773183,159,0.43323736555046505,0.34225913160975946,0.4183832425956747,0.3979599132519664,230,159,False,0.061926481012432345,0.05901725252291986,0.9024900987034752,0.9129021352245694,0.7697335379464286,0.1296917234148298,0.06047186673219715,0.6365942327749161
141,52.4,0.00011800000000000002,0.09382424838840961,2.5556298744110832,5.334873599097842,3.8773120823360623,1.7515408629462832,1.2059957087039948,0.6084269517943972,12.579989941914876,0.12438393649847611,230,0.1257967458854259,0.2184088279803594,0.13906382087697375,0.08284031825938395,0.14152742825053574,40.19866877729478,230,10.063739670834071,109.2044139901797,55.625528350789494,41.420159129691974,54.07846028537381,13.83710271563476,230,12.381221931598402,10.710221214444854,13.739038859626572,16.350093280671548,13.295143821585343,0.38796846727314205,230,0.4032797318109324,0.1444931005438169,0.3292904001601199,0.5061812677553722,0.34581112506756034,46.889041792671634,159,104.24869283040364,50.77592626531074,31.146113225391932,62.0569107737021,127.36718480727252,153,114.17747412787543,128.06227840847438,128.4069805851689,123.54891104050624,0.3743485664398228,159,0.43180835164255565,0.34265183994269116,0.41831917758099735,0.39759312305541467,230,159,False,0.057083281029814054,0.05483529785581465,0.9171732979161399,0.9201825584684099,0.7779389880952381,0.12272812468664987,0.05595928932584467,0.6419352057434263
142,52.5,0.00011600000000000001,0.09392857682846842,2.554269615809123,5.336313647315616,3.8661062297366913,1.7555673536800203,1.2068567681880225,0.6065038133235204,12.585653323218937,0.12438622100845627,230,0.125827732640253,0.21915330158339608,0.13894517909973225,0.08288991544395685,0.14170403219183453,40.200642370011494,230,10.066218611220238,109.57665079169803,55.578071639892904,41.444957721978426,54.1664746911974,13.834749147423286,230,12.381045218737523,10.685659677012767,13.739413833573998,16.343968855855735,13.287521896295006,0.3878383329057175,230,0.40309361085085804,0.14345470484760073,0.32945663957519733,0.5057706023965564,0.3454438894175531,46.90019104915595,159,104.74868943956163,50.73619501641456,31.164104291370936,62.21632958244904,127.20748776703878,153,114.21018727620442,127.78896484375,128.40457605432582,123.46790939142674,0.3739796312022134,159,0.4321198835968971,0.3423334261838426,0.41775607763390454,0.39740312913821474,230,159,False,0.06113609177326518,0.053637382343766235,0.9039960503578186,0.9176250186704454,0.7747512090773809,0.12421630195208959,0.05738673708623364,0.6385259974570502
143,52.5,0.00011400000000000002,0.09376021361067181,2.550265109539032,5.335744131179083,3.853283867381868,1.7514497773987907,1.2046138190087818,0.606233773345039,12.566944885253907,0.12433297606590002,230,0.12588801192985455,0.21911144091023338,0.13875242544615524,0.08292508371440428,0.14166924050016186,40.174082315810345,230,10.071040954388364,109.5557204551167,55.50097017846209,41.46254185720214,54.14756836129232,13.836605913875921,230,12.378104010627812,10.686311171031322,13.747747494057744,16.3412305438603,13.288348304894294,0.38767122522644376,230,0.4027028728119085,0.14354121519459617,0.3296110617353561,0.5053065552243164,0.34529042624154427,46.84237300225024,159,104.77168697781033,50.634320360548955,31.167250190462386,62.19108584294056,127.2778228061651,153,114.21808369954427,127.88198284573025,128.44751259132667,123.5158597122004,0.37367072275037283,159,0.43304329448276097,0.34184431982167224,0.4175515929237008,0.39747973574271134,230,159,False,0.060643032845109704,0.05585814265179492,0.904695124853225,0.9154074240298499,0.7737141927083333,0.12602907816569012,0.058250587872628656,0.6406583954890569
144,52.6,0.00011200000000000001,0.0935267289124784,2.5590755127725147,5.342549819038028,3.874939214615595,1.7575071578934078,1.2104662228198277,0.609914853317397,12.554086412702288,0.12428584093956843,230,0.12601192169625994,0.21972669826613533,0.13844675079305122,0.0829886092272188,0.14179349499566632,40.14694237223138,230,10.080953735700795,109.86334913306766,55.378700317220485,41.4943046136094,54.20432694989958,13.835924837609145,230,12.37172821025313,10.664314857180056,13.757491899851805,16.333695311097163,13.28180756959554,0.3873764343559742,230,0.4021109342575073,0.14308510306808683,0.32967770400833574,0.5048077404499054,0.3449203704459588,46.79767679418408,159,105.16691335042317,50.51020041932451,31.185170548302786,62.28742810601682,127.16403337865094,153,114.43293338351779,127.66087527804905,128.45781354550962,123.5172074023588,0.37358508908055116,159,0.4335890652404891,0.34160203851283866,0.4176274277935071,0.3976061771822783,230,159,False,0.06053053267921011,0.057661835871459476,0.9067427442187355,0.9126534595375969,0.7693196614583333,0.12963644890558151,0.05909618419994201,0.6423380110945021
145,52.9,0.00011000000000000002,0.09328483126702763,2.5557737123398554,5.333337652115595,3.8710067839849565,1.7535452856903984,1.210462372643607,0.6105162562358947,12.527244976588658,0.12437572790228803,230,0.12606592922353407,0.2203459988037745,0.13855999541726519,0.0829996943606862,0.141992904451315,40.18025540171758,230,10.085274337882726,110.17299940188725,55.423998166906074,41.4998471803431,54.29552977175479,13.831054560625075,230,12.368530936826758,10.6433144272207,13.752772697696816,16.329042660724653,13.273415180617231,0.3873272251175798,230,0.40192516399940975,0.14254052937030792,0.32973172103470944,0.5048380105623177,0.34475885624168623,46.8620469435206,159,105.56124877929688,50.571813502210254,31.201138496398926,62.44473359263535,127.01120259403403,153,114.4468527899848,127.42961247762044,128.40791108873157,123.42812545211227,0.37409104012046596,159,0.43411660111612743,0.34210801528806384,0.4181298666434096,0.398118161015867,230,159,False,0.060951645732192056,0.05494553939261962,0.9045172143550146,0.9170106020711717,0.7733305431547619,0.1268833523704892,0.05794859253579662,0.6429881185293198
146,52.3,0.00010800000000000001,0.0927162296537842,2.554656312011537,5.335305686224075,3.872764993849255,1.7515096857434227,1.2042246179921285,0.6094762922752471,12.472935426802863,0.12444098533495612,230,0.12616648598456046,0.22071478101942274,0.13857732491290314,0.08305186698479312,0.14212761472541988,40.199138466430746,230,10.093318878764837,110.35739050971137,55.43092996516126,41.52593349239656,54.351893211508504,13.828447455838452,230,12.363994236846333,10.635457202436823,13.753847615896857,16.32354523768782,13.269211073216958,0.38738226135787757,230,0.4016915895569492,0.14231581572029325,0.3301850682560434,0.5046353302896023,0.344706950955722,46.87991709679178,159,105.76640150282118,50.57447534926394,31.214437893458776,62.518438248514634,127.1506996902765,153,114.36218939887152,127.62648493448893,128.4891426651566,123.49260566617234,0.3742692594141143,159,0.43344565315379036,0.3426254362343474,0.417875185043418,0.3979820914771852,230,159,False,0.05882545885452557,0.05535457337918204,0.9095277965068818,0.918800946076711,0.7743617466517857,0.1246956053234282,0.05709001607971177,0.6466561128695806
147,52.8,0.00010600000000000002,0.09267918974870727,2.554733878090268,5.3328090758550735,3.866593415396554,1.7514140041101547,1.2115355068729037,0.6113171349678721,12.461534327552432,0.12452587700732376,230,0.12620875748320365,0.22116942372586992,0.13866294991779834,0.0831301397244845,0.1422928177128391,40.23260425419911,230,10.096700598656291,110.58471186293497,55.46517996711934,41.565069862242254,54.427915572738215,13.825049986260508,230,12.363580436458614,10.62123404343938,13.751673855189358,16.31605066201073,13.26313474927452,0.3871876982243165,230,0.40164484944142087,0.14195191032356685,0.33001526635377965,0.5042390009122235,0.34446275675774773,46.932212313766,159,106.04193115234375,50.6138212731544,31.25259246144976,62.636114962315965,127.17773956099367,153,114.35769144694011,127.67825402153863,128.48022347909432,123.50538964919103,0.37440412116688004,159,0.4328617875774701,0.3431601788293808,0.41745432798883747,0.3978254314652295,230,159,False,0.05874214255517082,0.052793572479415504,0.9131931421302614,0.9259920858201527,0.7764857700892858,0.12268894740513393,0.05576785762483875,0.6388814511753264
148,52.8,0.00010400000000000001,0.09283562705275558,2.5554314528192794,5.339618805476597,3.865560059320359,1.7550803332101732,1.2064922877720423,0.6104055193918092,12.483334109896706,0.12459281577688197,230,0.12626307169106646,0.22087841398186153,0.13878308474383455,0.08318131869392735,0.14227647227767248,40.25412182574687,230,10.101045735285316,110.43920699093077,55.51323389753382,41.590659346963676,54.4110364926784,13.82517417549402,230,12.362852511389907,10.63423660492158,13.753345969187734,16.312587169767852,13.265755563816768,0.3870832906792993,230,0.4016328945126332,0.14238396866454017,0.3299103896034525,0.5039319465202945,0.3444647998252301,46.950238281825804,159,105.90222422281902,50.65222971490089,31.26175492150443,62.60540295307478,127.30841104345384,153,114.13680267333984,127.85096138848199,128.59942853009258,123.5290641973048,0.3746880964616185,159,0.4338294623626603,0.3434865403365582,0.4175572747231594,0.3982910924741259,230,159,False,0.05986988245775657,0.05443328500148796,0.9090284568922861,0.9181336167312804,0.7746558779761905,0.1257126598131089,0.057151583551118774,0.6443399039052782
149,52.5,0.00010200000000000001,0.09234643000222388,2.5532347383953278,5.337997095925467,3.856193989799136,1.750124341249466,1.21100106267702,0.6108569842009317,12.427305539449057,0.12466328560334185,230,0.12633191306196467,0.22036808066897923,0.1389517532067096,0.08318236310567174,0.14220852751083132,40.27353789884111,230,10.106553044957174,110.18404033448961,55.58070128268384,41.59118155283587,54.365619053741625,13.823784934041193,230,12.360729064444323,10.65085333532279,13.749553275065596,16.31326934606886,13.268601255225391,0.3869672956026119,230,0.401542508056466,0.14329419202274746,0.3296214735254328,0.5039088156606469,0.3445917473163233,46.9577500685206,159,105.60323672824435,50.707270236725506,31.238745144435338,62.51641736980173,127.47717240277458,153,114.09539286295573,128.09241383870443,128.68206659952799,123.62329110039605,0.3742366981393886,159,0.43443551907936734,0.34302012804657855,0.4169611302869661,0.398138925804304,230,159,False,0.06111859225534967,0.056485187772306655,0.9065707839670636,0.9123783262003036,0.7717471168154761,0.12742116564796085,0.058801889956174865,0.6394277629398164
150,52.7,0.0001,0.09175636032152744,2.5572869459788006,5.336494200570243,3.8687086968194873,1.7567918013958703,1.2112792710463205,0.6131605507362456,12.384018861679804,0.12465004507938157,230,0.12636228934140273,0.21993746856848398,0.13891047207598992,0.08322796844212073,0.14210954960699934,40.264666428060636,230,10.108983147312218,109.96873428424199,55.56418883039596,41.61398422106036,54.31397262075264,13.826607460058993,230,12.360605528685443,10.663888733168163,13.757970710899931,16.308794247389198,13.272814805035683,0.38688585959050964,230,0.4015658218675936,0.14349554479122162,0.3295564478699197,0.5036215776843684,0.34455984805327583,46.92491325042533,159,105.2867694430881,50.66787833355843,31.26249497277396,62.405714249806834,127.64994472927518,153,114.20655314127605,128.39063118828668,128.65603256225586,123.75107229727286,0.37359058081447705,159,0.43440186646249557,0.3418393274571033,0.4171140851852085,0.3977850930349358,230,159,False,0.0589436572377703,0.05599257373694508,0.909024490345092,0.9186904969669524,0.7753696986607143,0.12414815170424325,0.057468115598229425,0.6510958085457484
151,52.2,9.8e-05,0.09185024373942897,2.5563773115475974,5.335407143547421,3.8735589220410303,1.7478007750851767,1.215449997924623,0.6096694920034635,12.370868968963624,0.1247285773086807,230,0.1264710106270414,0.21943145328097874,0.13900939533685117,0.08332794259435364,0.14205995045980624,40.28579364101524,230,10.117680850163312,109.71572664048936,55.60375813474047,41.66397129717682,54.27528423064249,13.823171429852602,230,12.356703362755582,10.679084042493852,13.756734216032461,16.29926281108851,13.2729461080926,0.38661193990189097,230,0.4014134866670823,0.14311308662096658,0.3293816030342528,0.5030446457011359,0.34423820550585943,46.938757386597445,159,104.91388532850478,50.70808577030263,31.29423918042864,62.30540342641202,127.81136666092218,153,114.43874867757161,128.5021664937337,128.88880327012805,123.9432394804778,0.372984010046758,159,0.4344138122267193,0.34168681534046824,0.4156459400962506,0.3972488558878127,230,159,False,0.06122352058467056,0.057756998884447276,0.9069953891493026,0.9134755500725338,0.7687000093005952,0.13146629674094065,0.0594902597012974,0.6294672733261472
152,52.6,9.6e-05,0.09128672562184788,2.554700893447513,5.333438223884219,3.8684893574033463,1.7494454304377238,1.2080194768451509,0.6141117357072376,12.325934446425665,0.12484574786022953,230,0.12652079566893443,0.21919620533784231,0.1392451374137655,0.08338815625756979,0.142087573669528,40.328289501692936,230,10.121663653514755,109.59810266892116,55.69805496550621,41.694078128784895,54.27797485418176,13.817758032846545,230,12.354662572750076,10.686528918542017,13.746987066619434,16.294781435006158,13.270739998229422,0.3866001112953476,230,0.4015351821419219,0.14346621599462298,0.3293128826833786,0.5029003705297198,0.3443036628374108,46.99274246647673,159,104.77116817898221,50.802571316982835,31.311854192188807,62.295197896051285,128.00753120970882,153,114.51887851291232,128.7322156270345,129.04783263029876,124.09964225674851,0.3724756577760918,159,0.43453611930211383,0.34128168562149747,0.4148629654331931,0.3968935901189348,230,159,False,0.05771018362471036,0.05405079437242377,0.9120912875447954,0.9205284586974553,0.7776832217261904,0.12283066227322532,0.05588048920922336,0.6425609497796921
153,52.7,9.4e-05,0.09105299203878357,2.555562746524811,5.3327260562351775,3.859209854262216,1.7547883266494388,1.216778694448017,0.6143105489157495,12.300070031483967,0.12493570926396744,230,0.12662488547429232,0.21877577404181162,0.13939953056421686,0.08343407897544759,0.1420585672639421,40.353464753083564,230,10.129990837943385,109.38788702090581,55.759812225686744,41.717039487723795,54.24868239306493,13.815794776994393,230,12.352666046152798,10.701375356302034,13.743375888662893,16.292924958764846,13.272585562470642,0.38654900922075563,230,0.40146455042798757,0.14387531495756573,0.3293400948986094,0.5026686122374875,0.3443371431304125,47.0165886669039,159,104.57010057237413,50.852996379771135,31.32723273549761,62.25010989588096,128.12817387799032,153,114.2413313123915,128.92254265679253,129.11869967425312,124.09419121447905,0.37140333732156633,159,0.43455876410007477,0.3401592946512268,0.413698715357376,0.3961389247028925,230,159,False,0.05732057225624365,0.05305493160683129,0.9079722418671563,0.9201349406015306,0.7770972842261905,0.12119579088120233,0.055187752006930255,0.639208093711308
154,52.7,9.2e-05,0.09099335677566983,2.554374925295512,5.3344451268514,3.8608549765178135,1.7555522047338032,1.2049043459551676,0.6161177352780387,12.2920683997018,0.12499803597836391,230,0.12671357729065585,0.2189069324069553,0.13938812063412465,0.08357568850208606,0.14214607970845547,40.373595342364,230,10.13708618325247,109.45346620347765,55.75524825364985,41.78784425104303,54.28341122285575,13.81186275881146,230,12.350267862798729,10.700069999115671,13.743365406440006,16.28004353697365,13.268436701332014,0.3863810975914416,230,0.4012470159312369,0.1435593068599701,0.32944277515436743,0.5021332087261337,0.344095576667927,47.047488338542436,159,104.68565283881293,50.86005884535769,31.384539978844778,62.310083887671794,128.02048696879467,153,113.97468736436632,128.679002210829,129.26392816614222,123.97253924711252,0.3716147192431696,159,0.4352708500292566,0.34092790986153676,0.412894271114575,0.3963643436684561,230,159,False,0.05999194456353074,0.0546427854514193,0.9043445973169236,0.9233201234113603,0.7732514880952381,0.12675049418494816,0.0573173649165602,0.6383577373765764
155,52.8,8.999999999999999e-05,0.09102050841209434,2.5579623443739754,5.3421017328898115,3.879369196437654,1.7457596384343648,1.2086242275578636,0.6139567779643195,12.299406496683757,0.12509393638566785,230,0.12679452742909042,0.2191532270775901,0.1394827271554064,0.08366854508806552,0.1422747566875381,40.40718365719785,230,10.143562194327233,109.57661353879504,55.79309086216257,41.834272544032764,54.3368847848294,13.806577754217628,230,12.347747292614079,10.693537802593672,13.737924293255324,16.271716105448416,13.262731373477873,0.3862142300800137,230,0.4011709990215973,0.14309268444776535,0.3292723007975741,0.5019053848726409,0.3438603422848944,47.09528522371496,159,104.85334353976779,50.90434244845776,31.41896550995963,62.39221716606173,127.95182690589256,153,113.88131798638238,128.51148935953776,129.36414096973562,123.91898277188527,0.3716840034339038,159,0.43538979358143276,0.3410822584670275,0.41281278764030765,0.39642827989625595,230,159,False,0.055030733154022266,0.052307888878775494,0.9173796476352782,0.9260575601032802,0.7815569196428571,0.117868253162929,0.053669310884461516,0.6393932644809995
156,52.0,8.8e-05,0.0908586063377914,2.5601419471559073,5.341677856445313,3.8688611609595163,1.758718760808309,1.2173019485814232,0.6141498338608514,12.29763332094465,0.12518243086726769,230,0.12688051568160594,0.2194720357656479,0.13955043771482528,0.08375808962487749,0.14241526969673915,40.437515033004075,230,10.150441254528475,109.73601788282394,55.82017508593012,41.87904481243874,54.39641975893032,13.802289177431225,230,12.345455598371299,10.682596958081653,13.73360663144791,16.266013702606806,13.256918222626917,0.38597275656850444,230,0.40093378302916677,0.14287982963853413,0.3291811061666367,0.5014016601656165,0.3435990947499885,47.15061879907764,159,105.10696241590712,50.93616404431931,31.48189834186009,62.50834160069551,127.91706678602431,153,113.7397706773546,128.5474228752984,129.22935598867912,123.8388498471107,0.37189720250056973,159,0.4352974800599946,0.3414973471947807,0.4127362007275224,0.3965103426607659,230,159,False,0.05920157132537237,0.05326173966085272,0.9061574276004519,0.9209590145519801,0.7770379929315476,0.12172330220540364,0.05623165557515763,0.6516306733801251
157,52.7,8.600000000000002e-05,0.090477502204123,2.559309714748746,5.344246491931734,3.859890867414929,1.7546413282553355,1.2227368681203752,0.6150328739767983,12.246080257779075,0.12522105581086615,230,0.1269514539711912,0.2199211600753996,0.13950686386608063,0.08382774929382972,0.1425518068016253,40.44941104559795,230,10.156116317695295,109.9605800376998,55.80274554643225,41.913874646914856,54.45832913718555,13.800603116604286,230,12.341243414783875,10.667188247765957,13.737511120101598,16.26035169374798,13.251573619099853,0.38612519525315453,230,0.40076242911983545,0.14283721894025803,0.329825832805735,0.5011696283306394,0.34364877729911697,47.16214070829955,159,105.39052327473958,50.913285519214384,31.507443291800364,62.60375069525144,128.10283147275837,153,113.93695153130426,128.80377095540365,129.29557899192528,124.01210049287772,0.3720143033929591,159,0.4354946373237504,0.34204786849465774,0.412112908304802,0.3965518047077367,230,159,False,0.05934633867194255,0.05805793226962643,0.9033121883869171,0.9068922127996172,0.7722191220238095,0.1294462067740304,0.05870213581781302,0.6390203013306572
158,52.8,8.400000000000001e-05,0.08987701409274623,2.563518017814273,5.345606263478597,3.8683011179878597,1.764671773853756,1.2238545138211476,0.615156136949857,12.19791129430135,0.12531321806752163,230,0.1270121379007756,0.2199544840388828,0.13963722984524482,0.0839051500494991,0.14262725045860059,40.48229636964591,230,10.160971032062047,109.97724201944139,55.854891938097936,41.95257502474955,54.48642000358773,13.797259236932735,230,12.337556762335305,10.668082477900494,13.735884272465313,16.25387911528355,13.248850656996165,0.3862390998265018,230,0.4008137562745054,0.1433491309483846,0.33004216073041265,0.501126981739487,0.3438330074231974,47.19720554951602,159,105.49435000949435,50.95137555548485,31.526379108428955,62.65736822446939,128.31070405050042,153,113.61786227756076,129.13478291829426,129.38604623300057,124.0462304762852,0.37177930069419574,159,0.43584905233648086,0.34195091127556687,0.41155145856152686,0.3964504740578582,230,159,False,0.05668324425240003,0.05032040035529506,0.9144550469659624,0.9270661569776989,0.7789457775297619,0.11964172181628999,0.053501822431350037,0.6466918384745007
159,52.5,8.200000000000001e-05,0.08967787485037532,2.5621065060297648,5.345064985184442,3.858289699327378,1.7635952711105347,1.225819165082205,0.617763182804698,12.184533963884626,0.1253302605903667,230,0.12706288774038704,0.2201198918951882,0.13958757774944,0.08396756376272865,0.14268448028693598,40.48626706360475,230,10.165031019230964,110.05994594759412,55.835031099776,41.98378188136433,54.510947486991356,13.795702087200505,230,12.334462993579963,10.667561355615916,13.73768833519975,16.24846163933248,13.247043580932027,0.38630382444547573,230,0.4007632980044459,0.14355053669876522,0.3302561547210876,0.5010652158941541,0.3439088013296132,47.19654247595829,159,105.66782633463542,50.928411240273334,31.53516357285636,62.71046704925504,128.26056366964104,153,113.23656802707248,128.99083607991537,129.5474422596119,123.92494878886657,0.3714682455848223,159,0.4353131867117352,0.34210758164842076,0.410491423082671,0.39597073048094233,230,159,False,0.054741141186761,0.05295522842068402,0.9173035902636392,0.9224067653928484,0.7811244419642858,0.11851852280752999,0.053848184807048664,0.6546399410281862
160,52.7,8e-05,0.08930851535073349,2.5653712794894266,5.342795126778739,3.8849874723525275,1.7606938083966572,1.221938328232084,0.6164413921889804,12.151480633871897,0.12536618704705135,230,0.1270705029683214,0.2203447487619188,0.13961094665400525,0.08403009974530765,0.14276407453238826,40.50228788412136,230,10.16564023746571,110.17237438095941,55.8443786616021,42.015049872653826,54.54936078817026,13.79279903095948,230,12.334147203090971,10.661797486677873,13.73479564985805,16.242720664901142,13.243365251132008,0.386400329289229,230,0.40077368222491844,0.1433008760213852,0.33046818936758854,0.5011326181037086,0.3439188414294002,47.223474394600345,159,105.83705817328558,50.94674280856518,31.553662163870676,62.77915438190715,128.21186414731093,153,113.1295182969835,128.810563744439,129.72775579381872,123.88927927841375,0.3716321091091483,159,0.4356136860118972,0.34275261938888973,0.4098256419944976,0.3960639824650949,230,159,False,0.058472285359831795,0.05263908178257268,0.9095873216787974,0.9296660247303191,0.7759440104166667,0.12456799915858678,0.05555568366267142,0.6552577827657972
161,52.5,7.800000000000001e-05,0.0895340776869229,2.5607867087636675,5.341558379218692,3.8718091556004115,1.75401664574941,1.2190973043441773,0.6174518592300869,12.151569934118362,0.1254410860331162,230,0.12712931045344178,0.22061784068743387,0.13966042857537878,0.08413621237767595,0.1428859480234826,40.530090554252915,230,10.170344836275342,110.30892034371693,55.864171430151515,42.06810618883797,54.60288569974544,13.788908244192491,230,12.330551991620514,10.653528984001632,13.732615163716332,16.236287830604763,13.23824599248581,0.3860945714556653,230,0.4003867525869692,0.14277157518598768,0.3303817683394919,0.5005975285811084,0.3435344061733893,47.25431022404125,159,106.01589965820312,50.94487007628096,31.615615027291433,62.85879492059183,128.35685829711116,153,113.0541729397244,129.0893832736545,129.68643089577003,123.94332903638298,0.37096978119521773,159,0.435402265853352,0.34210035672530215,0.4090739515210901,0.39552552469991475,230,159,False,0.056478822510689496,0.054131155974409054,0.9108637764340355,0.9175654944919405,0.7770321800595238,0.1229127566019694,0.0553049893495405,0.6373753668296904
162,52.8,7.6e-05,0.08898436764166469,2.5594465936933246,5.338985488528297,3.8625658137457712,1.754445043915794,1.225073943535487,0.6161624003024329,12.110364187331427,0.12548438908289308,230,0.12714436015402766,0.22089018755488926,0.1397229181008136,0.08414632015462432,0.14297594649108872,40.547236933008485,230,10.171548812322214,110.44509377744463,55.88916724032544,42.07316007731216,54.64474247685111,13.787195577750715,230,12.328325697377934,10.644504915959477,13.732051689677423,16.234472415991398,13.234838679751558,0.38626378301693043,230,0.40048109771500173,0.14284089704354605,0.3306092772078007,0.5007798575929233,0.34367778238981794,47.27124857152783,159,106.20729658338759,50.94947047943764,31.62522550991603,62.92733085758042,128.4677791221469,153,113.0196795993381,129.3073366800944,129.6431997793692,123.99007201960058,0.37081081024224655,159,0.4354109921389156,0.3414628437938208,0.40969129611871075,0.39552171068381575,230,159,False,0.05528295151224094,0.05249521389625789,0.9134504145100003,0.9208260763259161,0.7815883091517857,0.11787449717521667,0.0538890826427156,0.6524808041396595
163,52.3,7.4e-05,0.08879920847359157,2.5578360835711162,5.340397121792748,3.850937118984404,1.7585890471935273,1.2212778244699751,0.6179790654352733,12.079529171898251,0.1255088794004658,230,0.1271599715339466,0.22096932431062064,0.139741099261223,0.08418387560439962,0.14301356767754747,40.556714986329496,230,10.172797722715726,110.48466215531032,55.896439704489204,42.09193780219981,54.661459346178766,13.786199246884497,230,12.326304980248715,10.641742790148843,13.734387953915853,16.22946465011332,13.232975093606683,0.38607007498326507,230,0.4003525137061804,0.14247676564587486,0.3304491520245024,0.5004745998552868,0.3434382578079611,47.28387674295677,159,106.24319712320964,50.946926685089764,31.65958070755005,62.94990150528315,128.5268223083097,153,113.05076090494792,129.4375144958496,129.5883455629702,124.0255403212559,0.37080734630800644,159,0.4355206290880839,0.34125948197981143,0.4100051981263927,0.39559510306476264,230,159,False,0.05793081904717144,0.05183363279349924,0.9122698593707311,0.9249735667592003,0.7777180989583333,0.12223309108189175,0.05488222593530303,0.641772198677063
164,52.7,7.2e-05,0.08874448605236553,2.5609469794091724,5.339613596598308,3.8653300523757936,1.7583185786292665,1.2236122440724146,0.6178601667994544,12.083516084580195,0.1255124826632116,230,0.12719747214250163,0.22120105392403072,0.13969897462966593,0.08418459624850325,0.1430705242361754,40.55537619765686,230,10.175797771400129,110.60052696201537,55.87958985186638,42.09229812425162,54.687053177383376,13.785447631959256,230,12.32397708728185,10.633046634634947,13.73609544280967,16.227860550317754,13.230244928761056,0.3861917911340361,230,0.40050813450779715,0.14247221996386847,0.3305349421310932,0.5006339262638774,0.343537305716659,47.288458602233504,159,106.35988108317058,50.93249986526814,31.67805358341762,62.990144843952116,128.4161076265223,153,113.19581010606554,129.32547912597656,129.4372047141746,123.9861646487389,0.37115361044804257,159,0.4353752401140001,0.34152725846209425,0.410562225085284,0.39582157455379274,230,159,False,0.05730826686846004,0.051667755063889285,0.9075747526827312,0.9257811046781994,0.77822265625,0.12085650392941066,0.05448801095730492,0.6481204316729591
165,52.5,7e-05,0.08871462419629098,2.554298917452494,5.342284456888835,3.8496061347779773,1.743033090943382,1.2226262248697735,0.6139443960927782,12.072304162524995,0.12551565900768924,230,0.12728437629174177,0.22150597307417128,0.13956065016224029,0.08427064253815583,0.1431554105165773,40.55135031886723,230,10.182750103339343,110.75298653708563,55.824260064896116,42.13532126907791,54.72382949359975,13.783625930045888,230,12.319117312049592,10.621517292771472,13.74134238745577,16.219585619629427,13.225390652976564,0.38611141346071076,230,0.4003436819348537,0.1423190948035982,0.33063063041326846,0.5003762958305222,0.34341742574556067,47.28317539047145,159,106.55284627278645,50.87829666949333,31.723024708884104,63.051389217054634,128.26472882040187,153,113.31117163764105,129.05211427476672,129.4446792602539,123.93598839088723,0.37081861008638106,159,0.43500425418217975,0.3411552003644248,0.4102952121756971,0.3954848889074339,230,159,False,0.05727379152196504,0.05242311080607275,0.9121402304796945,0.9202830890814463,0.7779168991815476,0.12194317408970425,0.05484845114960557,0.6465427584591366
166,52.4,6.8e-05,0.08833750012729849,2.559153002784366,5.340562756856283,3.854748162769136,1.757320739541735,1.225767667520614,0.6173654600268319,12.043781902676537,0.12550875552646493,230,0.1273765472144308,0.22136473324563768,0.13947343691549402,0.08429452231419939,0.14312730992244047,40.53951278523259,230,10.190123777154465,110.68236662281885,55.78937476619761,42.14726115709969,54.702281580817655,13.784033652364972,230,12.31459121438318,10.622550545296564,13.74745991703396,16.216563869890642,13.225291386651087,0.3863426029358221,230,0.4001380125401725,0.14249875727627012,0.3312487757586418,0.5005201080015728,0.3436014133941643,47.24165854064174,159,106.42629835340712,50.82205898203748,31.71988354410444,62.98941362651635,128.41549552967345,153,113.49062940809462,129.21050415039062,129.57795884874133,124.09303080240886,0.3703181965616327,159,0.4346342749065823,0.3405920488839137,0.40987914614379406,0.39503515664476335,230,159,False,0.05708430088346913,0.0519384809193157,0.911169330562864,0.921699097042992,0.7777994791666667,0.12149958553768339,0.05451139089695754,0.6508788404010591
167,52.7,6.599999999999999e-05,0.08827287719718048,2.56192824727013,5.3421665373302645,3.8564195122037614,1.7597330451011657,1.231652359735398,0.6196695162426857,12.035252026149205,0.125590755417943,230,0.12747220841931625,0.22141446007622612,0.13956542852077078,0.08434761654851693,0.14319992839120751,40.56435039088778,230,10.1977766735453,110.70723003811307,55.82617140830831,42.17380827425846,54.72624659855629,13.778237965137205,230,12.309422194720058,10.62026590077944,13.74079596725371,16.21086682370659,13.22033772161495,0.38615520045809126,230,0.3997683501999143,0.14225100974241892,0.33121158103359505,0.5003213488629886,0.34338807245972924,47.27252242850058,159,106.43542141384549,50.86518697535738,31.733655316489084,63.01142123523065,128.4201691571404,153,113.62886555989583,129.13724161783855,129.69026565551758,124.15212427775066,0.3703986477317675,159,0.4346856441762712,0.3407990890456007,0.40975178252639516,0.39507883858275566,230,159,False,0.05526033526596923,0.0511204552570624,0.9134471121288481,0.9263849428721836,0.7802455357142857,0.11899676095871699,0.05319039523158045,0.6460359838746843
168,52.5,6.4e-05,0.088012905684965,2.5610655245326814,5.339633864448184,3.8507094780604043,1.764735934847877,1.2314403851826985,0.6188077559073766,12.015994453430176,0.1255940304502197,230,0.12751383554767554,0.22135141160753039,0.13952760247791068,0.0843819168263248,0.14319369161486034,40.56213679326617,230,10.201106843814044,110.6757058037652,55.81104099116427,42.1909584131624,54.719703012976474,13.77766995580995,230,12.306144237683425,10.623087702636601,13.743685012349008,16.207386937075512,13.220075972436137,0.3862928006959998,230,0.3997728344000561,0.14207773241731855,0.3315157138920845,0.50039814678686,0.3434411068740798,47.254617966945816,159,106.35994890001085,50.839580779379986,31.73793077468872,62.97915348469318,128.54886731914445,153,113.7814678615994,129.30782402886285,129.74517271253796,124.27815486766674,0.36994064123656767,159,0.4346973126133283,0.340282866889809,0.4093160117045045,0.39476539706921393,230,159,False,0.05582290714429248,0.05150683747515792,0.912539040190833,0.9232427423908597,0.781596447172619,0.1189322312672933,0.053664872249854466,0.6536383166199639
169,52.9,6.200000000000002e-05,0.08790985500173909,2.5545305649439496,5.335437761034284,3.839844680967785,1.7556082194759732,1.2234362292857397,0.6183256424608685,12.001957825251989,0.12563098186384078,230,0.12757950118729766,0.22087209588951534,0.1395907906934302,0.08442139386066369,0.1431159454077267,40.569516332253166,230,10.206360094983813,110.43604794475768,55.83631627737208,42.21069693033184,54.67235531186135,13.775575732415138,230,12.303482459044844,10.640696567157757,13.741627297971904,16.2027844419557,13.222147691532552,0.3862300944717034,230,0.39972666955330005,0.14231104983223808,0.3314890095845182,0.5002064614423684,0.34343329760310615,47.24366613903885,159,105.99902852376302,50.84181026702232,31.7610981123788,62.86731230105471,128.7116583531199,153,114.00206247965495,129.62568952772352,129.639872374358,124.42254146057883,0.36972361268862236,159,0.4339768886566162,0.3395490701845352,0.4100473182541983,0.3945244256984499,230,159,False,0.053563485795720706,0.04951906078051598,0.9189557078338805,0.9270430073851631,0.7841448102678571,0.11472294217064267,0.05154127336905471,0.6564416820094698
170,52.6,6.0000000000000015e-05,0.08781928412971042,2.553584080650693,5.3354815573919385,3.8287248202732633,1.7595535235745565,1.2251690112409137,0.6189912506512233,11.985980447133382,0.1256952799046817,230,0.12771229650562918,0.22071691850821176,0.13960855858440094,0.08451222415481295,0.1431374994382637,40.583721984987676,230,10.216983720450335,110.35845925410588,55.84342343376038,42.25611207740648,54.66874462143077,13.77114194528203,230,12.297752192669643,10.645907464218649,13.73975214424458,16.194149517827924,13.219390329740198,0.38598425249042717,230,0.39940386548848217,0.14242536077896753,0.33129598438105684,0.4999116579336779,0.34325921714554614,47.254223685594475,159,105.92384338378906,50.835653467381256,31.81349195752825,62.857662936232856,128.82464200686786,153,114.0011494954427,129.8398596021864,129.60319476657443,124.48140128806784,0.36954572459436813,159,0.4341956211460961,0.33914219397813716,0.4101900604686567,0.3945092918642967,230,159,False,0.05293005258288412,0.050262992332379026,0.9224246229444232,0.927983485233216,0.7837774367559524,0.11622171856108165,0.051596522415500314,0.6504678723357973
171,52.4,5.800000000000001e-05,0.0876453257919777,2.5594020582380748,5.334089619772775,3.8364143780299593,1.7697983912059239,1.2343266021637689,0.6223810352030255,11.973857861473446,0.12569325558193353,230,0.1278014515172428,0.22064565122127533,0.1395220548865643,0.08454753046057054,0.14312917202141323,40.57468605106292,230,10.224116121379422,110.32282561063766,55.80882195462572,42.27376523028527,54.65738222923202,13.76850100036644,230,12.293436283139892,10.64852877724435,13.738661236598203,16.190184620462833,13.217702729361319,0.38593794858973957,230,0.3992472400128002,0.1424111326535543,0.33124254612212484,0.5000120465244565,0.343228241328234,47.248333553098284,159,105.8827412923177,50.81359623848124,31.84039851597377,62.845578682257575,128.6299979515325,153,114.01097954644098,129.5176643371582,129.58705704300493,124.37190030886804,0.3695834303661337,159,0.43403469936715233,0.3390185059385097,0.4105305995659104,0.39452793495719085,230,159,False,0.05227985324426776,0.04609020061879641,0.9171931394508906,0.9378174764769418,0.7885718936011905,0.1114677247546968,0.049185026876096216,0.6499231566985448
172,52.8,5.6000000000000006e-05,0.08731223848604021,2.556977232864925,5.337488178979783,3.8298251231511435,1.762766737029666,1.232651349192574,0.6221545456420807,11.929883430117652,0.12572227943202724,230,0.12790456099409453,0.22049340936872694,0.13949175797244337,0.08461133044745241,0.14312526469567932,40.57706782999246,230,10.232364879527562,110.24670468436346,55.79670318897734,42.3056652237262,54.64535949414864,13.766075399708663,230,12.289793703136743,10.655230609965665,13.737958709620752,16.18494276457575,13.216981446824729,0.38578095303281495,230,0.3990638470146018,0.14206095453765658,0.3310909407570007,0.49991051852703094,0.3430315652090725,47.24906715057181,159,105.7162577311198,50.81337847608201,31.86960322516305,62.79974647745495,128.53989485198377,153,114.17291514078777,129.34773178100585,129.58799658881293,124.36954783686885,0.36993802163117334,159,0.43372054149707157,0.3393449106432022,0.41103998152539134,0.39470181122188835,230,159,False,0.05565011372701043,0.04972580332264659,0.9137341473783765,0.9299695974304563,0.7815615699404762,0.11689489171618507,0.052687958698897135,0.6416823371535256
173,52.2,5.4000000000000005e-05,0.08685538900040445,2.5542703526360646,5.339496031261626,3.8170070239475797,1.761770319654828,1.2288519081615266,0.6242262248482023,11.894086233774821,0.12570500297714834,230,0.1279937577184657,0.22056011690033805,0.1393467369390295,0.08465999218502215,0.14314015093571386,40.56279199991537,230,10.239500617477256,110.28005845016904,55.7386947756118,42.329996092511074,54.64706248394229,13.766432137942088,230,12.285224817624721,10.653617185933717,13.744842164250821,16.180905563613297,13.216147432855639,0.38585891053080557,230,0.39907003225575033,0.14168398827314377,0.331320085424058,0.49989880727870123,0.34299322830791334,47.22544334219687,159,105.79144371880426,50.748686932502906,31.89903439794268,62.81305501641662,128.52448691573798,153,114.03866746690538,129.38084801567925,129.51152165730795,124.31034571329752,0.3699417572538808,159,0.4333483510547214,0.3393666297989957,0.4110739471923028,0.3945963093486733,230,159,False,0.05749206815047988,0.05028779907595544,0.9079127176886513,0.9260072950805937,0.7801304408482143,0.11993200211297898,0.05388993371632837,0.6542769074440002
174,52.6,5.2000000000000004e-05,0.08708156524669557,2.5532780266943433,5.340430668422154,3.8112061761674427,1.7621737414882297,1.2315104518617903,0.6210689293486732,11.912628664289201,0.12573187336649583,230,0.12809094099301688,0.22050772607326508,0.13930168153440697,0.08473118687314647,0.14315788386845885,40.56546856657319,230,10.24727527944135,110.25386303663254,55.720672613762794,42.365593436573235,54.64685109160248,13.764395501457699,230,12.280353419000392,10.656815568590568,13.74646761156852,16.175474588955126,13.21477779702865,0.3857138112835262,230,0.3988529703986477,0.14164502918720245,0.3313536880181191,0.49952792429498266,0.34284490297473796,47.22157008093108,159,105.8152347140842,50.725090148601126,31.9238224370139,62.821382433233076,128.5836647881402,153,113.87383863661024,129.4571662902832,129.57946664315682,124.30349052335009,0.36980504293065025,159,0.43367565671602887,0.3392467649177985,0.41083437523671557,0.39458559895684764,230,159,False,0.052413057329665336,0.049390434963806046,0.9243121868088132,0.9290436713468461,0.7850399925595238,0.1142935091540927,0.05090174618443208,0.651194060132617
175,52.8,5e-05,0.0868117525818802,2.5586575780596053,5.341184547969273,3.8241335062753588,1.7598269048191253,1.2420644706203825,0.626078172666686,11.894108272734142,0.1257928995658522,230,0.1281349248134754,0.22055937349796295,0.13936636398764365,0.08480919039409075,0.1432174631732932,40.58763552457094,230,10.250793985078033,110.27968674898148,55.74654559505747,42.404595197045374,54.67040538154059,13.76055900448585,230,12.278478438651963,10.6548947340907,13.743389004444143,16.16757112255162,13.211083324934606,0.3856022480389346,230,0.3988665075789035,0.14171360267533195,0.3311945748455981,0.4993086169872965,0.3427708255217825,47.252572653428565,159,105.84199608696832,50.74839847645861,31.968421970094955,62.85293884450729,128.59864163866231,153,113.87944030761719,129.4559305826823,129.62302695380316,124.31946594803422,0.3696811481747987,159,0.4334290259414249,0.3393500752033705,0.4103488260214882,0.39437597572209454,230,159,False,0.05307666662681316,0.048860925708764366,0.9157566337358384,0.9320641730512892,0.7845377604166667,0.11616629645937965,0.05096879620992002,0.6542753629741215
176,52.6,4.8e-05,0.08650397080041114,2.557700224717458,5.3432007199242,3.8139583349227903,1.761550532068525,1.2432661683786483,0.6265250492663611,11.866297649201893,0.12585669261929783,230,0.12819800950901608,0.22049644258287218,0.13945279833167157,0.0848562428727746,0.1432508733240836,40.60782044931598,230,10.255840760721288,110.2482212914361,55.78111933266863,42.4281214363873,54.67832570530333,13.757943263890597,230,12.275913182716454,10.656730730875092,13.741693791168766,16.16263074596838,13.209242112682173,0.38552888434218324,230,0.3988197376610528,0.14185571587747997,0.3310563584908526,0.49927576578089167,0.34275189445256926,47.283776301258015,159,105.77723185221355,50.78491807491221,32.00612582479204,62.85609191730594,128.56924214082605,153,113.9862077501085,129.41356803046332,129.5925380565502,124.33077127904068,0.3696468753166169,159,0.4329061011473338,0.339428361822316,0.4102041473878281,0.394179536785826,230,159,False,0.05477902377246036,0.05026015762372741,0.9148657588731675,0.9274881138688043,0.7812895275297619,0.11778266316368466,0.05251959074466001,0.658200276465643
177,52.5,4.6e-05,0.08644881761145023,2.5539380175726754,5.3376871109008786,3.817220485778082,1.756736288468043,1.230843192055112,0.6272027364798954,11.84471786135719,0.1258766830291437,230,0.12826332282012617,0.22049228847026825,0.13939898770223272,0.08494653100413936,0.14327528249919164,40.611546858497285,230,10.261065825610094,110.24614423513412,55.75959508089309,42.47326550206968,54.685017660926746,13.757242822491897,230,12.27343623941617,10.657365440637166,13.746724058860572,16.154348672784998,13.207968602924726,0.385383768995171,230,0.3986306007899029,0.14187134719557232,0.331083799771806,0.4988709805267198,0.34261418207100025,47.278353481172765,159,105.75534396701389,50.74593657635628,32.059679814747405,62.853653452705856,128.6688301734675,153,114.01038614908855,129.53989910549586,129.66012262415003,124.40346929291148,0.3693911929808135,159,0.4325994898875554,0.33908684791481875,0.41010072448157836,0.3939290207613175,230,159,False,0.05424958104045973,0.05160441084631852,0.9155436711651939,0.9212010788066046,0.7803850446428572,0.11940829072679793,0.052926995800364585,0.6458980756146567
178,52.7,4.4e-05,0.08640548987757592,2.560651383513496,5.3397615568978445,3.826106178192865,1.766971089442571,1.2422934208597456,0.6281244668222609,11.853954941885812,0.1258498323676379,230,0.12828892353974597,0.22069173554579416,0.13927183173438337,0.08498517982661724,0.14330941766163519,40.59999914791273,230,10.263113883179678,110.34586777289708,55.70873269375334,42.49258991330862,54.70257606578468,13.759132862169519,230,12.273352724018421,10.65151122811459,13.754556932410376,16.150010039179904,13.207357730930823,0.385475081399731,230,0.3987492639833773,0.14165757927629682,0.3312504109232984,0.4988502524793148,0.34262687666557184,47.26449959233122,159,105.88008117675781,50.695754801973386,32.08453130722046,62.88678909531722,128.554306578792,153,114.03783586290147,129.3805805630154,129.59659505773473,124.33833716121721,0.3698294456087568,159,0.4325518434246381,0.33935179454373554,0.41090797453320455,0.39427053750052604,230,159,False,0.052130495956433674,0.0475081429528516,0.9232817647002992,0.9353075595129103,0.7860816592261904,0.1136519023350307,0.04981931951118722,0.6527545220795132
179,52.3,4.2e-05,0.0860924313643149,2.557047516959054,5.334387956346784,3.8200123843692597,1.7623948812484742,1.2389984752450671,0.6294436190809523,11.817384006863549,0.1259043747154267,230,0.12834105902994183,0.2212595889965693,0.13926363641277273,0.08506558695808053,0.1434824678493411,40.62084578139626,230,10.267284722395345,110.62979449828465,55.70545456510909,42.532793479040265,54.78383181620734,13.755652257563968,230,12.27128650057002,10.633853197788149,13.753920260952302,16.142240971243424,13.200325232638473,0.38540129169173865,230,0.3986911272079172,0.14131261905034384,0.3312657496079485,0.49865058969174114,0.3424800213894877,47.29517238544968,159,106.2496804131402,50.69409110698294,32.115012884140015,63.01959480142105,128.5529034683128,153,113.9675530327691,129.32788543701173,129.69215859307184,124.3291990209509,0.36948099930378253,159,0.4322033350666364,0.33916580185611195,0.4102868482004851,0.3938853283744111,230,159,False,0.05241546298687657,0.04937094438022801,0.9258842797506424,0.9271223757948194,0.7857840401785714,0.1148324659892491,0.050893203617029245,0.6510933060021628
180,52.8,3.999999999999999e-05,0.08578846284321376,2.555297403108506,5.333773113432384,3.819680529549008,1.7578724818570273,1.2346067510900043,0.630553917941593,11.792654537019276,0.12592002096707405,230,0.1283855510114784,0.22107086579004923,0.13925245079271337,0.08512254524976015,0.1434578532110003,40.62335757652055,230,10.270844080918272,110.53543289502461,55.700980317085346,42.561272624880075,54.76713247947708,13.755218624183689,230,12.270148203112164,10.640749545896195,13.75584088565912,16.13757092814753,13.201077390703752,0.38540684418833776,230,0.3986745065366718,0.14148069587018755,0.33134127487527565,0.49854068032332827,0.3425092894013658,47.29082636563283,159,106.13508605957031,50.68367933719716,32.13856714112418,62.985777512630555,128.5731104433147,153,113.90360768636067,129.3505719502767,129.7222583912037,124.32547934261369,0.36930417480333794,159,0.4322197437286377,0.339067659241722,0.40994689520448446,0.3937447660582814,230,159,False,0.05254084180730085,0.04825528742678996,0.9192500196752094,0.9303565005461375,0.7859979538690476,0.11315922623588925,0.050398064706297145,0.6585107871464321
181,52.2,3.799999999999999e-05,0.0859339983335563,2.5567375410170783,5.338404578254337,3.813931983993167,1.7597540441013517,1.2411415395282563,0.6304553114232563,11.796819913954963,0.12596342001596222,230,0.1284653952109142,0.22065851589043936,0.13930561195345634,0.08517659601888486,0.14340152976842369,40.632532453407414,230,10.277231616873136,110.32925794521968,55.72224478138254,42.58829800944243,54.72925808822945,13.752605961265003,230,12.266735127502285,10.653395151851914,13.753364352991436,16.13329234804333,13.201696745097241,0.38536131508324456,230,0.39862774123608224,0.14197222805685467,0.3313252464570898,0.4983608861054693,0.342571525463874,47.289258285138594,159,105.87457360161676,50.6946395305877,32.157585518700735,62.90893288363507,128.67418526044858,153,113.93235354953342,129.46998485989042,129.8048245465314,124.40238765198508,0.36860876697929773,159,0.4322682312793202,0.3383149999451447,0.40922803345269393,0.39327042155905295,230,159,False,0.05543557188828432,0.047969329811721334,0.911637586639041,0.9347348091148194,0.7834891183035714,0.11644655409313384,0.05170245068591266,0.6466824941691898
182,52.8,3.6000000000000014e-05,0.08564044834957237,2.5627038138253346,5.338742092677525,3.81468867006756,1.775658396028337,1.2487014381658463,0.6357282019796826,11.77638451712472,0.12597512256192125,230,0.1285260821836935,0.22070687181419796,0.13924873453822542,0.08523541895140495,0.14342927687188045,40.63284008366906,230,10.28208657469548,110.35343590709898,55.69949381529017,42.617709475702476,54.73818144319678,13.75098974551184,230,12.26451097193918,10.651683535492406,13.754576888621806,16.127713984109995,13.199621345040846,0.3854371675978536,230,0.3987248277580234,0.14188305702474382,0.33150716950284675,0.49825829161064966,0.3425933364740659,47.291897527826656,159,105.90048217773438,50.67417217822785,32.19527111734663,62.92330849110295,128.56901505414177,153,113.92932213677301,129.3245468987359,129.74974413271303,124.33453772274065,0.36851301435498324,159,0.43197330666912925,0.33823580950736365,0.40913648979871403,0.39311520199173566,230,159,False,0.05177469237131022,0.047580011738907725,0.9190542502062661,0.9339411551044101,0.7857933407738096,0.11315774917602539,0.04967735210610997,0.6496358682711919
183,52.2,3.4000000000000007e-05,0.08511137485149362,2.559612186182113,5.341333448319208,3.8123870134353637,1.7654758697464352,1.2447391385123843,0.6341251695439929,11.723973483131045,0.125954554748276,230,0.12857653379020556,0.22076240016354454,0.13912017453224101,0.08529385152672019,0.1434382400031778,40.62126920793367,230,10.286122703216446,110.38120008177228,55.6480698128964,42.646925763360095,54.740579590311306,13.751841233547717,230,12.26297283989486,10.648912664258606,13.760548662968613,16.12358256760826,13.199004183682586,0.3854489767033121,230,0.398706123442717,0.1415399346086714,0.33161116534091056,0.4982110879250935,0.3425170778293481,47.27005752227591,159,105.88221062554254,50.62634070376132,32.216486147471834,62.9083458255919,128.5183943704842,153,114.09726206461589,129.1802123175727,129.81888650964808,124.36545363061224,0.3683049983268826,159,0.4313402788506614,0.3381890175626316,0.4087261530969824,0.3927518165034251,230,159,False,0.05320231112252389,0.04637827916691701,0.9163935366131011,0.9374841474351429,0.7862653459821428,0.11302198568979899,0.04979029512476353,0.653223750562895
184,52.6,3.2000000000000005e-05,0.08551662108373075,2.5579464163099015,5.339540031978062,3.7971917288643975,1.767467077856972,1.2513048975240617,0.6342281439474651,11.764940606980097,0.12597218973805074,230,0.12860313288762537,0.2209171255429586,0.13911765972350507,0.08531191180061017,0.1434874574886748,40.62674085115609,230,10.288250631010028,110.4585627714793,55.64706388940203,42.65595590030508,54.762458298049104,13.75106431191841,230,12.261750751328039,10.642566300701496,13.761097475037198,16.12203980423453,13.196863582825316,0.38557224481002145,230,0.3987819046621591,0.14142500360806784,0.331775945393329,0.49836316385439466,0.3425865043794877,47.28290054033388,159,105.98601871066623,50.62971942982775,32.230596269880024,62.94877813679133,128.485479716382,153,114.03592851426866,129.12838253445096,129.82223355328594,124.32884820066852,0.3684557244041056,159,0.4316674653026793,0.33847305063713107,0.4086247541542564,0.39292175669802226,230,159,False,0.04925093221079026,0.04615514357574284,0.9239940660340445,0.9384464493819645,0.7912946428571429,0.10901240394228981,0.047703037752459446,0.6553320436250596
185,52.7,3.0000000000000008e-05,0.08559197689450923,2.556842001279195,5.343632534572056,3.800255901472909,1.761537040699096,1.2448204372610365,0.6339638754015877,11.773936516898019,0.12600631101623824,230,0.12864464232829256,0.2210122992595037,0.13912534047948552,0.08537123625033669,0.14353837957940463,40.638105791871965,230,10.291571386263405,110.50614962975185,55.65013619179421,42.68561812516834,54.78336883324445,13.74909054389286,230,12.259719601866008,10.637670306523685,13.760977395470123,16.117496882677973,13.193966046634447,0.38553362119456996,230,0.39882736978396566,0.14100521140628391,0.331734446927588,0.49828401261142324,0.3424627601823152,47.29434549583579,159,106.00382826063368,50.63135000999937,32.25749247414725,62.96422358159344,128.46961905286204,153,114.16629028320312,129.0927049424913,129.81503069842304,124.35800864137248,0.3682868425857346,159,0.431411271293958,0.33843429136942044,0.40825148465644034,0.392699015773273,230,159,False,0.053239500547005304,0.05015790802537508,0.9180112617356436,0.9258915518011366,0.7834751674107143,0.11582609244755336,0.05169870432554966,0.6578967672018777
186,52.6,2.8000000000000003e-05,0.08541168128805501,2.557397887820289,5.345851598467146,3.7861113684517997,1.7723884128388905,1.249290917033241,0.633346826547668,11.750103918711345,0.12604372775101144,230,0.12867529155083104,0.22098872893386418,0.13916607748003715,0.08542146141241704,0.14356288984428736,40.651175517426886,230,10.294023324066485,110.49436446693208,55.66643099201487,42.710730706208516,54.791387372305486,13.747026967784933,230,12.257603832300479,10.638341913099632,13.75998481662628,16.113262152079166,13.19229817852639,0.3854650906894518,230,0.3988346020940324,0.14090154402785832,0.3316023535233863,0.4982317675437246,0.3423925667972504,47.316825182932725,159,106.00048912896051,50.652971267700195,32.285562549318584,62.97967431532643,128.3891326804566,153,114.15695275200738,128.97372936672633,129.78683485808196,124.3058389922719,0.3686774011303044,159,0.43148504942655563,0.33905335880340415,0.40830938584570375,0.3929492646918879,230,159,False,0.05187192337720522,0.04770009772342053,0.9206904959110986,0.933137586145174,0.7874139694940476,0.11288937614077614,0.04978601053534519,0.6515378768954958
187,52.6,2.6000000000000002e-05,0.08521232791244984,2.5523511716297693,5.345178204491025,3.7714616593860444,1.757975564400355,1.252691557577678,0.6344486416805358,11.723183559236073,0.12604579233928867,230,0.12868574529256618,0.22106203436851501,0.13914092852080123,0.08544712021414723,0.14358395709900743,40.65188028825366,230,10.294859623405296,110.53101718425751,55.65637140832049,42.72356010707362,54.80145208076423,13.747117811090611,230,12.25654291160427,10.637315715762043,13.762181055254347,16.111458735556614,13.191874604544319,0.38553725594411725,230,0.3989187881980144,0.14077186832825342,0.33165722736652864,0.49835015567285673,0.3424245098914133,47.31716329946458,159,106.09828270806207,50.64518437487014,32.283876589366365,63.00911455743286,128.39088050991882,153,113.97347683376736,128.9476675245497,129.86580276489258,124.26231570773655,0.368772898783099,159,0.4318096290032069,0.339499761726945,0.4077790471991258,0.39302947930975923,230,159,False,0.04916147070582069,0.04586990539960208,0.9299438033785139,0.9363988288811275,0.7899693080357143,0.1096977324712844,0.04751568780768485,0.6495995186624073
188,52.6,2.4e-05,0.08463671684619926,2.550264306863149,5.346168399992443,3.7646702300934565,1.7629770437876384,1.2420937332369033,0.6354119224207742,11.67610470453898,0.12608878426253795,230,0.12868697211985858,0.2211366511053509,0.13921858425787154,0.08547979606581586,0.14363050088722423,40.67004343284213,230,10.294957769588686,110.56832555267546,55.68743370314862,42.73989803290793,54.822653764580174,13.744917922272183,230,12.256212019922945,10.63483665447476,13.75921140203625,16.108226196899874,13.189621568333457,0.38565441039593323,230,0.3991150969350842,0.14077678985065883,0.3317418115887236,0.4984396626906736,0.342518340266285,47.352272957375966,159,106.19528283013238,50.6839813881732,32.30285007613046,63.060704764812016,128.3493574553845,153,113.7834006415473,128.92829564412435,129.8121199431243,124.17460540959864,0.36925744349664114,159,0.4324330621295505,0.34004312963720335,0.4081425316232656,0.3935395744633398,230,159,False,0.05088188527817172,0.046302945990603236,0.9206442012673333,0.9355654969101861,0.7897251674107143,0.10961800529843285,0.04859241571144334,0.6621687195130757
189,52.8,2.2e-05,0.0853039775043726,2.549225964432671,5.3381646020071845,3.74982476575034,1.7742423207986922,1.2447112852618807,0.6391866245440074,11.744545291718982,0.12617831201009128,230,0.12875239241500974,0.2213376975721783,0.13935329780933706,0.08550611836835742,0.14373737654122062,40.70081973885713,230,10.30019139320078,110.66884878608916,55.74131912373482,42.75305918417871,54.865854621800864,13.740270639072499,230,12.252937950867908,10.628589433957728,13.7532089819093,16.104369701249272,13.184776516996052,0.3855621749940126,230,0.3989732456459126,0.14045487178696525,0.33168724512166164,0.49838401643293245,0.34237484474686797,47.398595558022556,159,106.31883070203993,50.74198215565783,32.31715883527483,63.125990564324205,128.41281925774868,153,113.84117889404297,128.98997183905706,129.87950501618562,124.23688524976188,0.3694387337884063,159,0.4324284593264262,0.34022197369089785,0.4083578037763281,0.3936694122645507,230,159,False,0.05116697977784844,0.04861875471570307,0.9237374535628727,0.9283002859070187,0.7875581287202381,0.11279366584051223,0.04989286740088747,0.6649215439955394
190,52.7,1.9999999999999995e-05,0.08488009591542539,2.551313373020717,5.345634978158134,3.7609405108860563,1.7657719430469332,1.246305752652032,0.6379134338526499,11.70222425914946,0.12621599437425965,230,0.12879078258091295,0.2211923764811622,0.1393992025801476,0.08555851271376014,0.1437352185889957,40.71280744445065,230,10.303262606473035,110.59618824058109,55.75968103205904,42.77925635688007,54.85959705899831,13.738416896846887,230,12.251539890200158,10.63438144035881,13.752287527502448,16.099144527180595,13.184338346310502,0.38564040016220963,230,0.39908982099781576,0.14044403119219673,0.33186205856977624,0.49826580286026,0.34241542840501216,47.41134632758374,159,106.25343831380208,50.754934310913086,32.342130286352976,63.11683430368938,128.4873430837993,153,113.75282965766058,129.09364183213975,129.93259740758825,124.25968963246287,0.3693997618396702,159,0.43300315075450474,0.3399768955609266,0.40856617130339146,0.3938487392062742,230,159,False,0.053788919801202914,0.048030157243123366,0.9135416879540398,0.9292553115458716,0.7842959449404762,0.11518826825278146,0.05090953850497802,0.6629012574752172
191,51.9,1.7999999999999994e-05,0.0844163286366633,2.5560973712376187,5.349085371834891,3.761217291014535,1.7752058471952166,1.2546541279270536,0.6403239061435063,11.653687663305373,0.126237316057086,230,0.1288105754680197,0.2210939278205236,0.13943157273721188,0.08558247584317412,0.14372963796723232,40.71957914077717,230,10.304846037441576,110.5469639102618,55.77262909488475,42.79123792158706,54.8539192410438,13.736871892256948,230,12.250659113918873,10.638261424660966,13.750638598970994,16.09605994652921,13.18390477102001,0.38571459139170855,230,0.3992063757819189,0.14049350221951803,0.33188877238872205,0.49836995026894976,0.34248965016477717,47.4197074362317,159,106.24279361300998,50.76740354172727,32.34665012359619,63.11894909277782,128.5279562457714,153,113.59302181667752,129.14761242336698,129.98435168796115,124.24166197600188,0.36947253222266835,159,0.4332049952612983,0.34021421704203525,0.4083419868589512,0.3939203997207616,230,159,False,0.05169049804985878,0.04593811988874915,0.9202665536176591,0.9372506810086114,0.7895391555059523,0.11128592037019275,0.04881430892717271,0.6559573976766495
192,52.6,1.5999999999999992e-05,0.0844871893170334,2.554445669764564,5.347095085325695,3.7532103163855415,1.7744928643816993,1.2561531546570006,0.6412766703537532,11.661663041796004,0.1262785563002462,230,0.1288463862639078,0.22108240094449785,0.1394818142214988,0.08562397105353219,0.14375864312085915,40.73350296720214,230,10.307710901112623,110.54120047224893,55.792725688599525,42.811985526766094,54.86340564718179,13.733928645234867,230,12.249349328105017,10.638387768026938,13.747327877289683,16.09116920948376,13.18155854572635,0.38566618454845053,230,0.3991661006715936,0.1403360375099712,0.3318839577284265,0.4982555881142616,0.3424104210060632,47.43911931499745,159,106.25666809082031,50.790827933778154,32.36021665164402,63.13590422541416,128.53756394729115,153,113.50809987386067,129.1214852227105,130.06927250049733,124.23295253235618,0.36949299873327307,159,0.4332834697431988,0.34017141290167546,0.40845933496685966,0.39397140587057794,230,159,False,0.05057562848198272,0.04650204335561111,0.9239920834700267,0.9343234320481618,0.7869861421130953,0.11193569728306361,0.04853883586557848,0.6584984020108269
193,52.7,1.3999999999999991e-05,0.08455517593593824,2.554273131915501,5.345488184974307,3.7438840582257225,1.7764053571791876,1.264825420436405,0.6407624487365995,11.664119693211147,0.12633181368203267,230,0.1288893382838914,0.2211072693268458,0.1395655204641058,0.08564374609185117,0.14380146854167355,40.75114179758922,230,10.311147062711314,110.5536346634229,55.82620818564232,42.821873045925585,54.87821573942553,13.73071325512561,230,12.246677928073844,10.637681799447156,13.743353849899563,16.088134244644,13.17896195551614,0.38566421600787537,230,0.3991556633526171,0.14018324514230093,0.3318501736255402,0.4983420010123934,0.3423827707832129,47.46786533811557,159,106.28410508897569,50.8262753588088,32.37792427199228,63.16276823992559,128.52548023298675,153,113.44835917154948,129.13111199273004,130.0289474769875,124.20280621375566,0.36957636875036004,159,0.43337053060531616,0.34020200680862084,0.4086307002830186,0.3940677458989852,230,159,False,0.051358205572302855,0.04471132413129367,0.919294992515019,0.9377063691616059,0.7879115513392857,0.1104878788902646,0.04803476497708332,0.6543289603221984
194,52.7,1.200000000000001e-05,0.08429594417767865,2.5464266544296628,5.345589669545491,3.7229380596251715,1.7687377308096204,1.252858346133005,0.6420093075150535,11.633833807990664,0.1263723383617142,230,0.1289212922500053,0.2210803512069914,0.1396140047210328,0.08569261551435504,0.14382706592309613,40.76527970575768,230,10.313703380000423,110.5401756034957,55.84560188841313,42.84630775717752,54.88644715727169,13.72771535664647,230,12.244606033441586,10.638583012524181,13.74063356859762,16.08286966238288,13.176673069236568,0.3857040947870068,230,0.39917668175529425,0.14014471819003424,0.33194376702638384,0.49832822914634434,0.34239834902951416,47.48857897632527,159,106.2765401204427,50.84561627976438,32.40548689024789,63.17588109681833,128.54716217439938,153,113.3888931274414,129.19185273912217,129.99905607435437,124.19326731363931,0.36962645278318124,159,0.4335656149519814,0.3402313029274662,0.4086923746924315,0.39416309752395967,230,159,False,0.05245533268676982,0.0439524231035085,0.9178293838387444,0.9444411587147485,0.787197730654762,0.11252007711501348,0.048203877838594575,0.6578126871869677
195,52.7,1.000000000000001e-05,0.08381849335772651,2.5504606031236197,5.345372218177432,3.7290134191513062,1.7773113747437794,1.2584629036131358,0.6421428869167963,11.587501285189674,0.1263781240452891,230,0.12895327633325482,0.22097130782074398,0.1396022190914509,0.08571313474593419,0.14380998449784596,40.76450741517803,230,10.316262106660385,110.485653910372,55.84088763658037,42.85656737296709,54.87484275664496,13.72640982031137,230,12.242319073946833,10.641744695731752,13.740513958374716,16.08009982272466,13.17616938769449,0.3858137372719205,230,0.39921473239509153,0.14018228732877308,0.33210140260610177,0.49845966324210167,0.342489521393017,47.48151468480908,159,106.19853888617621,50.835185882893015,32.41547342709133,63.149732732053515,128.60156369676778,153,113.41809166802301,129.2741717868381,130.01112888477468,124.23446411321193,0.3696103633715297,159,0.4336368342240651,0.34013952905351813,0.40878929530403446,0.3941885528605393,230,159,False,0.05037959107375216,0.04375573655457369,0.9206005493799846,0.9414061038267045,0.7920642671130952,0.10829560416085379,0.0470676637165958,0.6551912888174966
196,52.4,8.000000000000008e-06,0.08393156076116222,2.5489387523560296,5.344532571520124,3.7167889220373973,1.7823490108762468,1.2580721585523515,0.6429507935330981,11.606877762930734,0.12641491384609885,230,0.12898480976131602,0.22094660003980002,0.13964764900664065,0.0857519693672657,0.1438327570437556,40.77695723720219,230,10.31878478090528,110.47330001990001,55.85905960265627,42.87598468363285,54.8817822717736,13.724121871485222,230,12.240584665086223,10.642731851374943,13.738574964467013,16.075997962467962,13.174472360849036,0.3858161237900672,230,0.399221002006195,0.13998344954517153,0.33213633615919885,0.49843483365007807,0.34244390534016084,47.49428903831626,159,106.1587405734592,50.84857985313902,32.43565688814436,63.14765910491419,128.68808462105545,153,113.48121473524306,129.39676767985026,130.04142450403285,124.30646897304206,0.369412020668856,159,0.43327803081936306,0.34000910430195486,0.40850273579625146,0.39392995697252314,230,159,False,0.050307565362059645,0.047649304566550116,0.9215879829156967,0.9341534586179824,0.7857398623511904,0.11436944689069475,0.04897843520378783,0.6647828554823285
197,52.5,6.000000000000005e-06,0.08419576594162555,2.5414533677555267,5.347052060990107,3.705637714976356,1.760650387548265,1.2519920178822108,0.6419344401785305,11.620729296548026,0.1264027419783499,230,0.12900337912666965,0.22072561085224152,0.1396097258684483,0.085777607280761,0.1437790807820301,40.77001364691102,230,10.320270330133573,110.36280542612076,55.84389034737932,42.8888036403805,54.853942436003535,13.72439664201372,230,12.23955887859265,10.650187374460579,13.74096391652741,16.0732187992742,13.17598224221371,0.38597733942062956,230,0.3992887013395068,0.14010063310464224,0.3323842889450966,0.49857609665819574,0.3425874300118603,47.47286464283302,159,105.99826982286241,50.822641291516895,32.44415657860892,63.088355897662744,128.79595488504646,153,113.55343882242839,129.5456428527832,130.08689428258825,124.3953253192666,0.3690983788491045,159,0.4331587933831745,0.339711051672063,0.408131682846163,0.3936671759671335,230,159,False,0.04971834577708727,0.043869818936634275,0.9251699915954045,0.9399722417195638,0.7896554129464286,0.10978907062893822,0.046794082417285866,0.6596993236314683
198,52.5,4.000000000000004e-06,0.0840180327672334,2.5454287716320585,5.351876086280459,3.6978413661321006,1.7710153085844857,1.261450035231454,0.644960823229381,11.608945987338112,0.12639351710677146,230,0.12903185472102233,0.2205722282330195,0.13956196511045416,0.08580843705151762,0.1437436212790034,40.76366124982419,230,10.322548377681786,110.28611411650975,55.824786044181664,42.904218525758814,54.834416766033,13.724446757712316,230,12.238292699564468,10.655361013227191,13.743433184422468,16.070053645535697,13.176785135687457,0.38603937587012416,230,0.39930493395093464,0.14010465972953373,0.33254643434539755,0.4985374888139112,0.3426233792099443,47.453341214162,159,105.87906477186415,50.79016876220703,32.46238940102713,63.04387431169943,128.9005693921856,153,113.59791564941406,129.72242279052733,130.08125601874457,124.46719815289532,0.36882097503674105,159,0.43314937750498456,0.33923443886352345,0.4081455960736743,0.3935098041473941,230,159,False,0.04851168959756338,0.04197858304583601,0.9271243555205209,0.9473941993145716,0.7934523809523809,0.1047313962663923,0.045245136329460714,0.6617138820035117
199,52.6,2.000000000000002e-06,0.08395360158312888,2.5411662782941544,5.352196470896403,3.6759372574942453,1.771542000770569,1.2607979229518345,0.645357497816994,11.59725368590582,0.12640448785994363,230,0.12904893449494537,0.22064431508382162,0.13955219850895254,0.08583664934017829,0.14377052435697446,40.76733135334823,230,10.32391475959563,110.32215754191081,55.82087940358101,42.91832467008914,54.84631909379415,13.72277008905591,230,12.236759703342743,10.653009046289462,13.742875878153473,16.066424421115943,13.174767262225405,0.38611945577937623,230,0.3994255399620029,0.13993212829033533,0.33263718320968305,0.4985888770648411,0.3426459321317156,47.460076554016496,159,105.92046271430121,50.78396415710449,32.485274587358745,63.06323381958814,128.90760718451605,153,113.61778174506293,129.7517711215549,130.04897152936016,124.472841465326,0.36882388303583524,159,0.43317517307069564,0.3392229159461691,0.40816904903788653,0.3935223793515838,230,159,False,0.04960179364840899,0.0447407141072853,0.9215780611549105,0.9405324257555462,0.7917061941964286,0.10957477206275576,0.04717125389281483,0.6607272542658307
